-- MySQL dump 10.13  Distrib 8.0.32, for Linux (x86_64)
--
-- Host: localhost    Database: rentx
-- ------------------------------------------------------
-- Server version	8.0.34-0ubuntu0.22.04.1

/*!40101 SET @OLD_CHARACTER_SET_CLIENT=@@CHARACTER_SET_CLIENT */;
/*!40101 SET @OLD_CHARACTER_SET_RESULTS=@@CHARACTER_SET_RESULTS */;
/*!40101 SET @OLD_COLLATION_CONNECTION=@@COLLATION_CONNECTION */;
/*!50503 SET NAMES utf8 */;
/*!40103 SET @OLD_TIME_ZONE=@@TIME_ZONE */;
/*!40103 SET TIME_ZONE='+00:00' */;
/*!40014 SET @OLD_UNIQUE_CHECKS=@@UNIQUE_CHECKS, UNIQUE_CHECKS=0 */;
/*!40014 SET @OLD_FOREIGN_KEY_CHECKS=@@FOREIGN_KEY_CHECKS, FOREIGN_KEY_CHECKS=0 */;
/*!40101 SET @OLD_SQL_MODE=@@SQL_MODE, SQL_MODE='NO_AUTO_VALUE_ON_ZERO' */;
/*!40111 SET @OLD_SQL_NOTES=@@SQL_NOTES, SQL_NOTES=0 */;

--
-- Table structure for table `address`
--

DROP TABLE IF EXISTS `address`;
/*!40101 SET @saved_cs_client     = @@character_set_client */;
/*!50503 SET character_set_client = utf8mb4 */;
CREATE TABLE `address` (
  `id` int NOT NULL AUTO_INCREMENT,
  `city` varchar(255) DEFAULT NULL,
  `created_at` datetime(6) DEFAULT NULL,
  `house_name` varchar(255) DEFAULT NULL,
  `name` varchar(255) DEFAULT NULL,
  `phone` varchar(255) DEFAULT NULL,
  `pin_code` varchar(255) DEFAULT NULL,
  `state` varchar(255) DEFAULT NULL,
  `status` tinyint NOT NULL,
  `type` tinyint NOT NULL,
  `updated_at` datetime(6) DEFAULT NULL,
  `user_id` int NOT NULL,
  PRIMARY KEY (`id`),
  KEY `FKnp89qmyw1d9k9wlu8pyospmsq` (`user_id`),
  CONSTRAINT `FKnp89qmyw1d9k9wlu8pyospmsq` FOREIGN KEY (`user_id`) REFERENCES `user_table` (`id`)
) ENGINE=InnoDB AUTO_INCREMENT=19 DEFAULT CHARSET=utf8mb4 COLLATE=utf8mb4_0900_ai_ci;
/*!40101 SET character_set_client = @saved_cs_client */;

--
-- Dumping data for table `address`
--

LOCK TABLES `address` WRITE;
/*!40000 ALTER TABLE `address` DISABLE KEYS */;
INSERT INTO `address` VALUES (2,'Sample City','2023-07-05 04:52:48.726000','123 Example Street','ccc','1234567890','119111','Sample State',1,2,'2023-07-05 05:07:24.075000',63),(3,'Sample City','2023-07-05 04:53:05.060000','123 Example Street','ddd','1234567890','119111','Sample State',0,2,'2023-07-05 04:53:05.060000',63),(6,'Sample City','2023-07-05 04:56:32.799000','123 Example Street','ggg           ','1234567890','119111','Sample State',0,2,'2023-07-05 04:56:32.799000',63),(7,'Sample City','2023-07-05 04:57:59.917000','123 Example Street','ggg@','1234567890','119111','Sample State',0,2,'2023-07-05 04:57:59.917000',63),(11,'Sample City','2023-07-05 05:05:58.498000','123 Example Street','new','12444567890','222999','Sample State',0,0,'2023-07-05 05:06:56.908000',63),(12,'aaaaaaaaaaaaa','2023-07-05 09:55:06.592000','123 Example Street','ggg@','1222222222','121212','sssss11',0,2,'2023-07-05 09:55:06.592000',63),(13,'Kochi','2023-07-14 08:43:24.586000','abcd','Negil','9090909090','898989','kerala',0,0,'2023-07-14 08:43:24.586000',100),(14,'Muttukad','2023-07-17 13:17:05.550000','Kerala','Muttukad','6855653223','685565','Kerala',0,1,'2023-07-17 13:17:05.550000',31),(15,'Kolkata','2023-08-04 06:32:24.224000','aaa','hiii','1212122112','121212','West Bengal',0,0,'2023-08-04 06:32:24.224000',36),(16,'Kannur','2023-08-04 07:16:25.137000','kannur house','shobi','9900009988','122343','Kerala',0,1,'2023-08-04 09:42:52.172000',36),(17,'Kolkata','2023-08-04 09:48:26.148000','aaa','aaa','1212122112','121212','West Bengal',0,1,'2023-08-04 09:48:26.148000',36),(18,'Munnar','2023-08-11 07:09:14.539000','Neg Bhavan','Neg','9061409858','685565','Kerala',0,0,'2023-08-11 07:09:14.539000',36);
/*!40000 ALTER TABLE `address` ENABLE KEYS */;
UNLOCK TABLES;

--
-- Table structure for table `admin_table`
--

DROP TABLE IF EXISTS `admin_table`;
/*!40101 SET @saved_cs_client     = @@character_set_client */;
/*!50503 SET character_set_client = utf8mb4 */;
CREATE TABLE `admin_table` (
  `id` int NOT NULL AUTO_INCREMENT,
  `created_at` datetime(6) DEFAULT NULL,
  `email` varchar(255) DEFAULT NULL,
  `password` varchar(255) DEFAULT NULL,
  `role` tinyint NOT NULL,
  `status` tinyint NOT NULL,
  `updated_at` datetime(6) DEFAULT NULL,
  PRIMARY KEY (`id`),
  UNIQUE KEY `UK_4rwnrwv21ux08kbla1bdelymj` (`email`)
) ENGINE=InnoDB AUTO_INCREMENT=4 DEFAULT CHARSET=utf8mb4 COLLATE=utf8mb4_0900_ai_ci;
/*!40101 SET character_set_client = @saved_cs_client */;

--
-- Dumping data for table `admin_table`
--

LOCK TABLES `admin_table` WRITE;
/*!40000 ALTER TABLE `admin_table` DISABLE KEYS */;
INSERT INTO `admin_table` VALUES (1,'2023-04-28 08:52:22.371000','negz@gmail.com','{bcrypt}$2a$10$Q7c3GYjsbxAYKa5QQ3GOuOBcr3ZilCsSuRcbT.2pLmGj0wy2SDUEq',2,0,'2023-04-28 08:52:22.371000'),(2,'2023-05-12 12:07:46.124000','negilbabu@gmail.com','{bcrypt}$2a$10$ES8gT7A2j1Oqoh8J8kLeTu4Fnto1Au111JyR7aAfLQXIsj/3DUT/G',2,0,'2023-05-12 12:07:46.124000'),(3,'2023-07-13 06:16:35.243000','negil.babu@innovaturelabs.com','{bcrypt}$2a$10$Xw02yR1ZVT5uVR4vwB9gTumycoA0jpLDDAG7kLRZPKRlbxd7Rcpqu',2,1,'2023-07-13 06:16:35.243000');
/*!40000 ALTER TABLE `admin_table` ENABLE KEYS */;
UNLOCK TABLES;

--
-- Table structure for table `cart`
--

DROP TABLE IF EXISTS `cart`;
/*!40101 SET @saved_cs_client     = @@character_set_client */;
/*!50503 SET character_set_client = utf8mb4 */;
CREATE TABLE `cart` (
  `id` int NOT NULL AUTO_INCREMENT,
  `created_at` datetime(6) DEFAULT NULL,
  `end_date` date DEFAULT NULL,
  `quantity` int DEFAULT NULL,
  `start_date` date DEFAULT NULL,
  `status` tinyint NOT NULL,
  `updated_at` datetime(6) DEFAULT NULL,
  `product_id` int NOT NULL,
  `user_id` int NOT NULL,
  PRIMARY KEY (`id`),
  KEY `FK3d704slv66tw6x5hmbm6p2x3u` (`product_id`),
  KEY `FK9hx78ht3jdqa6qidu45xmd5bo` (`user_id`),
  CONSTRAINT `FK3d704slv66tw6x5hmbm6p2x3u` FOREIGN KEY (`product_id`) REFERENCES `product` (`id`),
  CONSTRAINT `FK9hx78ht3jdqa6qidu45xmd5bo` FOREIGN KEY (`user_id`) REFERENCES `user_table` (`id`)
) ENGINE=InnoDB AUTO_INCREMENT=23 DEFAULT CHARSET=utf8mb4 COLLATE=utf8mb4_0900_ai_ci;
/*!40101 SET character_set_client = @saved_cs_client */;

--
-- Dumping data for table `cart`
--

LOCK TABLES `cart` WRITE;
/*!40000 ALTER TABLE `cart` DISABLE KEYS */;
INSERT INTO `cart` VALUES (4,'2023-06-22 06:43:09.197000','2023-06-29',1,'2023-06-28',0,'2023-06-22 06:45:59.916000',10,63),(5,'2023-06-22 08:54:43.982000','2023-06-22',1,'2023-06-22',0,'2023-06-22 08:54:43.982000',11,63),(6,'2023-06-22 08:57:13.414000','2023-06-22',1,'2023-06-22',0,'2023-06-22 08:57:13.414000',12,63),(7,'2023-06-22 08:58:31.038000','2023-06-22',3,'2023-06-22',0,'2023-06-22 08:58:56.993000',39,92),(8,'2023-06-22 08:59:38.870000','2023-06-22',1,'2023-06-22',0,'2023-06-22 08:59:38.870000',38,92),(9,'2023-06-23 05:55:58.337000','2023-06-29',1,'2023-06-23',0,'2023-06-23 05:55:58.337000',13,63),(10,'2023-07-14 08:44:17.474000','2023-07-14',1,'2023-07-14',2,'2023-07-14 08:46:02.336000',9,100),(11,'2023-07-14 08:44:33.622000','2023-07-14',1,'2023-07-14',2,'2023-07-14 08:46:02.348000',11,100),(12,'2023-07-14 09:58:46.355000','2023-07-14',1,'2023-07-14',2,'2023-07-14 09:58:57.788000',37,100),(13,'2023-07-17 13:16:51.559000','2023-07-18',1,'2023-07-18',0,'2023-07-18 06:21:19.324000',43,31),(14,'2023-07-18 06:17:42.704000','2023-07-18',1,'2023-07-18',2,'2023-07-18 06:18:15.558000',44,31),(15,'2023-07-25 04:39:58.777000','2023-07-26',1,'2023-07-25',2,'2023-07-25 04:45:16.692000',50,31),(16,'2023-07-26 07:05:52.173000','2023-07-26',1,'2023-07-26',2,'2023-07-26 10:37:51.611000',27,100),(17,'2023-07-26 07:06:00.622000','2023-07-26',1,'2023-07-26',2,'2023-07-26 10:37:56.128000',25,100),(18,'2023-07-26 10:36:56.673000','2023-07-26',1,'2023-07-26',2,'2023-07-26 10:38:56.446000',41,100),(19,'2023-07-26 10:37:35.847000','2023-07-26',1,'2023-07-26',2,'2023-07-26 10:38:57.336000',43,100),(20,'2023-07-26 10:37:45.259000','2023-07-26',1,'2023-07-26',2,'2023-07-26 10:38:57.724000',44,100),(21,'2023-07-26 12:58:36.640000','2023-07-26',1,'2023-07-26',0,'2023-07-26 12:58:36.640000',47,100),(22,'2023-07-26 12:58:43.996000','2023-07-26',1,'2023-07-26',0,'2023-07-26 12:58:43.996000',50,100);
/*!40000 ALTER TABLE `cart` ENABLE KEYS */;
UNLOCK TABLES;

--
-- Table structure for table `category`
--

DROP TABLE IF EXISTS `category`;
/*!40101 SET @saved_cs_client     = @@character_set_client */;
/*!50503 SET character_set_client = utf8mb4 */;
CREATE TABLE `category` (
  `id` int NOT NULL AUTO_INCREMENT,
  `name` varchar(255) DEFAULT NULL,
  `created_at` datetime(6) DEFAULT NULL,
  `status` tinyint DEFAULT NULL,
  `updated_at` datetime(6) DEFAULT NULL,
  `cover_image` varchar(255) DEFAULT NULL,
  PRIMARY KEY (`id`)
) ENGINE=InnoDB AUTO_INCREMENT=6 DEFAULT CHARSET=utf8mb4 COLLATE=utf8mb4_0900_ai_ci;
/*!40101 SET character_set_client = @saved_cs_client */;

--
-- Dumping data for table `category`
--

LOCK TABLES `category` WRITE;
/*!40000 ALTER TABLE `category` DISABLE KEYS */;
INSERT INTO `category` VALUES (1,'aswin','2023-04-28 08:56:52.813000',0,'2023-07-31 06:13:56.247892','https://firebasestorage.googleapis.com/v0/b/rentx-bb406.appspot.com/o/product-images%2F31PIJcknlCS._SS400_.jpg?alt=media&token=ab23a8ee-6a82-4910-a890-22a123578bc2'),(2,'aswin1','2023-05-08 10:24:30.155000',0,NULL,'https://firebasestorage.googleapis.com/v0/b/rentx-bb406.appspot.com/o/product-images%2F31PIJcknlCS._SS400_.jpg?alt=media&token=ab23a8ee-6a82-4910-a890-22a123578bc2'),(3,'aswin2','2023-05-08 10:24:34.596000',0,NULL,'https://firebasestorage.googleapis.com/v0/b/rentx-bb406.appspot.com/o/product-images%2F31PIJcknlCS._SS400_.jpg?alt=media&token=ab23a8ee-6a82-4910-a890-22a123578bc2'),(4,'subCat1','2023-05-26 04:43:07.482124',0,'2023-05-26 04:43:07.482157','https://firebasestorage.googleapis.com/v0/b/rentx-bb406.appspot.com/o/product-images%2F31PIJcknlCS._SS400_.jpg?alt=media&token=ab23a8ee-6a82-4910-a890-22a123578bc2'),(5,'subCat12','2023-06-06 06:02:44.845592',0,'2023-06-06 06:02:44.845629','https://firebasestorage.googleapis.com/v0/b/rentx-bb406.appspot.com/o/product-images%2F31PIJcknlCS._SS400_.jpg?alt=media&token=ab23a8ee-6a82-4910-a890-22a123578bc2');
/*!40000 ALTER TABLE `category` ENABLE KEYS */;
UNLOCK TABLES;

--
-- Table structure for table `order_product`
--

DROP TABLE IF EXISTS `order_product`;
/*!40101 SET @saved_cs_client     = @@character_set_client */;
/*!50503 SET character_set_client = utf8mb4 */;
CREATE TABLE `order_product` (
  `id` int NOT NULL AUTO_INCREMENT,
  `created_at` datetime(6) DEFAULT NULL,
  `end_date` date DEFAULT NULL,
  `quantity` int DEFAULT NULL,
  `start_date` date DEFAULT NULL,
  `status` tinyint NOT NULL,
  `total_price` double DEFAULT NULL,
  `updated_at` datetime(6) DEFAULT NULL,
  `order_master_id` int NOT NULL,
  `product_id` int NOT NULL,
  PRIMARY KEY (`id`),
  KEY `FKfgfblcufrealc9luyvx6rwj83` (`order_master_id`),
  KEY `FKhnfgqyjx3i80qoymrssls3kno` (`product_id`),
  CONSTRAINT `FKfgfblcufrealc9luyvx6rwj83` FOREIGN KEY (`order_master_id`) REFERENCES `order_product_master` (`id`),
  CONSTRAINT `FKhnfgqyjx3i80qoymrssls3kno` FOREIGN KEY (`product_id`) REFERENCES `product` (`id`)
) ENGINE=InnoDB AUTO_INCREMENT=12 DEFAULT CHARSET=utf8mb4 COLLATE=utf8mb4_0900_ai_ci;
/*!40101 SET character_set_client = @saved_cs_client */;

--
-- Dumping data for table `order_product`
--

LOCK TABLES `order_product` WRITE;
/*!40000 ALTER TABLE `order_product` DISABLE KEYS */;
INSERT INTO `order_product` VALUES (1,'2023-07-13 08:46:02.333000','2023-07-12',1,'2023-07-12',3,10000,'2023-07-14 10:14:00.048000',1,9),(2,'2023-07-13 08:46:02.344000','2023-07-13',1,'2023-07-13',3,10000,'2023-07-14 10:14:00.054000',1,11),(3,'2023-07-14 09:58:57.688000','2023-07-14',1,'2023-07-14',3,10000,'2023-07-17 03:49:40.990000',2,37),(4,'2023-07-17 13:17:15.625000','2023-07-19',1,'2023-07-18',3,11,'2023-07-24 18:30:00.176000',3,43),(5,'2023-07-18 06:02:37.302000','2023-07-18',1,'2023-07-18',3,11,'2023-07-19 09:41:30.474000',4,43),(6,'2023-07-18 06:18:15.523000','2023-07-18',1,'2023-07-18',3,11,'2023-07-19 09:41:30.536000',5,43),(7,'2023-07-18 06:18:15.545000','2023-07-21',1,'2023-07-20',2,500,'2023-07-18 06:19:45.310000',5,44),(8,'2023-07-25 04:45:16.446000','2023-07-26',1,'2023-07-25',2,200,'2023-07-25 04:53:09.393000',6,50),(9,'2023-07-26 10:38:56.442000','2023-07-26',1,'2023-07-26',3,11,'2023-07-27 03:59:04.720000',7,41),(10,'2023-07-26 10:38:57.333000','2023-07-26',1,'2023-07-26',3,11,'2023-07-27 03:59:04.726000',7,43),(11,'2023-07-26 10:38:57.342000','2023-07-26',1,'2023-07-26',3,500,'2023-07-27 03:59:04.727000',7,44);
/*!40000 ALTER TABLE `order_product` ENABLE KEYS */;
UNLOCK TABLES;

--
-- Table structure for table `order_product_master`
--

DROP TABLE IF EXISTS `order_product_master`;
/*!40101 SET @saved_cs_client     = @@character_set_client */;
/*!50503 SET character_set_client = utf8mb4 */;
CREATE TABLE `order_product_master` (
  `id` int NOT NULL AUTO_INCREMENT,
  `created_at` datetime(6) DEFAULT NULL,
  `grant_total` double DEFAULT NULL,
  `product_count` int DEFAULT NULL,
  `status` tinyint NOT NULL,
  `updated_at` datetime(6) DEFAULT NULL,
  `user_id` int NOT NULL,
  `address_id` int NOT NULL,
  `payment_id` int NOT NULL,
  PRIMARY KEY (`id`),
  KEY `FK2pwwxuxv0c2ae8vdeyffadspy` (`user_id`),
  KEY `FKoogbi1ppljrdplma4iqv7f3uv` (`address_id`),
  KEY `FK7tcgn9xqi78ycnbigwx3svnjl` (`payment_id`),
  CONSTRAINT `FK2pwwxuxv0c2ae8vdeyffadspy` FOREIGN KEY (`user_id`) REFERENCES `user_table` (`id`),
  CONSTRAINT `FK7tcgn9xqi78ycnbigwx3svnjl` FOREIGN KEY (`payment_id`) REFERENCES `payment_method` (`id`),
  CONSTRAINT `FKoogbi1ppljrdplma4iqv7f3uv` FOREIGN KEY (`address_id`) REFERENCES `address` (`id`)
) ENGINE=InnoDB AUTO_INCREMENT=8 DEFAULT CHARSET=utf8mb4 COLLATE=utf8mb4_0900_ai_ci;
/*!40101 SET character_set_client = @saved_cs_client */;

--
-- Dumping data for table `order_product_master`
--

LOCK TABLES `order_product_master` WRITE;
/*!40000 ALTER TABLE `order_product_master` DISABLE KEYS */;
INSERT INTO `order_product_master` VALUES (1,'2023-07-12 08:46:02.320000',20000,2,0,'2023-07-14 08:46:02.347000',31,14,1),(2,'2023-07-14 09:58:57.643000',10000,1,0,'2023-07-14 09:58:57.720000',100,13,2),(3,'2023-07-17 13:17:15.606000',11,1,0,'2023-07-17 13:17:15.649000',31,14,2),(4,'2023-07-18 06:02:37.279000',11,1,0,'2023-07-18 06:02:37.307000',31,14,1),(5,'2023-07-18 06:18:15.500000',12.100000000000023,1,0,'2023-07-18 06:19:45.394000',31,14,2),(6,'2023-07-25 04:45:16.337000',0,-1,0,'2023-07-25 04:53:09.617000',31,14,2),(7,'2023-07-26 10:38:55.291000',574.2,3,0,'2023-07-26 10:38:57.724000',100,13,1);
/*!40000 ALTER TABLE `order_product_master` ENABLE KEYS */;
UNLOCK TABLES;

--
-- Table structure for table `otp_table`
--

DROP TABLE IF EXISTS `otp_table`;
/*!40101 SET @saved_cs_client     = @@character_set_client */;
/*!50503 SET character_set_client = utf8mb4 */;
CREATE TABLE `otp_table` (
  `id` int NOT NULL AUTO_INCREMENT,
  `email` varchar(50) NOT NULL,
  `otp` int DEFAULT NULL,
  `expiry` time DEFAULT NULL,
  `created_at` datetime DEFAULT NULL,
  `status` tinyint NOT NULL,
  PRIMARY KEY (`id`),
  UNIQUE KEY `email_UNIQUE` (`email`)
) ENGINE=InnoDB AUTO_INCREMENT=106 DEFAULT CHARSET=utf8mb4 COLLATE=utf8mb4_0900_ai_ci;
/*!40101 SET character_set_client = @saved_cs_client */;

--
-- Dumping data for table `otp_table`
--

LOCK TABLES `otp_table` WRITE;
/*!40000 ALTER TABLE `otp_table` DISABLE KEYS */;
INSERT INTO `otp_table` VALUES (1,'negil.babu+1@innovaturelabs.com',367208,'09:35:32','2023-05-05 04:05:32',0),(2,'negil.babu+2@innovaturelabs.com',379889,'09:32:04','2023-05-05 04:07:09',0),(3,'negil.babu+3@innovaturelabs.com',485926,'09:38:07','2023-05-05 04:08:08',0),(4,'negil.babu+4@innovaturelabs.com',750816,'09:44:54','2023-05-05 04:10:50',0),(5,'negil.babu+45@innovaturelabs.com',554502,'10:35:31','2023-05-05 05:05:32',0),(6,'negil.babu+05@innovaturelabs.com',144498,'12:30:13','2023-05-05 05:05:42',0),(7,'negil.babu+09@innovaturelabs.com',318154,'10:35:55','2023-05-05 05:05:48',0),(8,'negil.babu+090@innovaturelabs.com',922915,'12:52:04','2023-05-05 07:19:18',0),(9,'negil.babu+091@innovaturelabs.com',602162,'18:02:09','2023-05-05 12:32:09',0),(10,'negilbabu+72@gmail.com',138535,'18:02:41','2023-05-05 12:32:42',0),(11,'negil.babu+092@innovaturelabs.com',584963,'12:03:58','2023-05-08 06:33:59',0),(12,'negil.babu+093@innovaturelabs.com',666048,'12:05:22','2023-05-08 06:35:18',0),(13,'negilbabu+77@gmail.com',451199,'12:05:54','2023-05-08 06:35:54',0),(14,'negilbabu+78@gmail.com',668864,'12:11:44','2023-05-08 06:41:45',0),(15,'negil.babu+77@innovaturelabs.com',416444,'11:47:17','2023-05-10 06:17:17',0),(16,'negil.babu+0990@innovaturelabs.com',206641,'11:56:33','2023-05-10 06:26:33',0),(17,'negil.babu+01@innovaturelabs.com',975431,'15:32:53','2023-05-10 10:02:54',0),(18,'negil.babu+02@innovaturelabs.com',918436,'15:33:51','2023-05-10 10:03:51',0),(19,'negil.babu+03@innovaturelabs.com',799674,'15:55:40','2023-05-10 10:25:41',0),(20,'negil.babu+04@innovaturelabs.com',458500,'15:56:18','2023-05-10 10:26:19',0),(21,'negil.babu@gmail.com',645354,'10:31:35','2023-05-11 05:01:36',0),(22,'negilbabu@gmail.com',755394,'16:20:07','2023-05-11 05:01:45',1),(23,'negilbabu+1@gmail.com',732686,'12:20:15','2023-05-11 06:15:09',0),(24,'negilbabu+2@gmail.com',138158,'15:35:23','2023-05-11 06:58:11',0),(25,'negil.babu+005@innovaturelabs.com',719469,'12:30:13','2023-05-11 07:02:26',0),(26,'negil.babu+006@innovaturelabs.com',909432,'13:00:57','2023-05-11 07:28:52',0),(27,'negil.babu+007@innovaturelabs.com',188356,'15:18:50','2023-05-11 07:32:14',0),(28,'negilbabu+3@gmail.com',701619,'15:53:07','2023-05-11 10:23:29',0),(29,'negilbabu+4@gmail.com',853848,'15:56:45','2023-05-11 10:26:58',0),(30,'negilbabu+5@gmail.com',215325,'15:57:44','2023-05-11 10:27:54',0),(31,'negilbabu+6@gmail.com',809719,'12:38:13','2023-05-11 11:53:43',0),(32,'negil.babu+008@innovaturelabs.com',534761,'17:30:16','2023-05-11 11:56:21',0),(33,'negilbabu+7@gmail.com',862858,'14:16:07','2023-05-12 08:46:25',0),(34,'negilbabu+8@gmail.com',710890,'14:20:13','2023-05-12 08:50:35',0),(35,'negilbabu+9@gmail.com',309586,'14:26:38','2023-05-12 08:57:09',0),(36,'negilbabu+91@gmail.com',512485,'14:26:38','2023-05-12 09:01:24',0),(37,'negilbabu+92@gmail.com',797146,'15:09:26','2023-05-12 09:39:36',0),(38,'negilbabu+93@gmail.com',962771,'15:10:38','2023-05-12 09:40:46',0),(39,'negilbabu+94@gmail.com',925693,'15:11:48','2023-05-12 09:42:09',0),(40,'negilbabu+95@gmail.com',737445,'15:13:07','2023-05-12 09:43:18',0),(41,'negilbabu+96@gmail.com',917259,'15:15:36','2023-05-12 09:45:51',0),(42,'negil.babu+009@innovaturelabs.com',234194,'15:32:48','2023-05-12 09:53:49',0),(43,'negilbabu+97@gmail.com',818403,'15:30:18','2023-05-12 09:54:56',0),(44,'negilbabu+98@gmail.com',468052,'15:34:32','2023-05-12 10:04:44',0),(45,'negil.babu+010@innovaturelabs.com',726064,'15:34:32','2023-05-12 10:05:12',0),(46,'negil.babu+11@innovaturelabs.com',384343,'16:14:39','2023-05-15 10:40:33',0),(47,'negilbabu+121@gmail.com',241220,'12:20:51','2023-05-17 06:50:51',0),(48,'negil.babu+011@innovaturelabs.com',371580,'12:44:44','2023-05-17 07:03:37',0),(49,'negil.babu+171@innovaturelabs.com',438993,'13:04:04','2023-05-17 07:34:04',0),(50,'negil.babu+1571@innovaturelabs.com',797800,'13:19:23','2023-05-17 07:49:11',0),(51,'negil.babu+911@innovaturelabs.com',405359,'12:40:05','2023-05-22 07:09:17',0),(52,'negil1.babu+911@innovaturelabs.com',511486,'13:17:50','2023-05-25 07:47:36',0),(53,'neg@gmail.com',409730,'10:04:25','2023-05-26 04:34:26',0),(54,'negg@gmail.com',566301,'15:33:45','2023-05-30 12:03:30',1),(55,'negz@gmail.com',422062,'17:15:01','2023-05-31 04:05:47',0),(56,'negTest22@gmail.com',170668,'15:32:40','2023-05-31 10:01:25',0),(57,'negTest1@gmail.com',848407,'12:46:25','2023-05-31 10:06:18',0),(58,'negTest2@gmail.com',452325,'12:48:58','2023-06-01 07:17:24',0),(59,'negTest3@gmail.com',110176,'14:17:14','2023-06-01 07:41:32',0),(60,'neg2@gmail.com',977505,'15:36:06','2023-06-01 10:06:06',0),(61,'neg3@gmail.com',244578,'16:15:26','2023-06-01 10:43:37',0),(62,'negTest4@gmail.com',383504,'16:13:55','2023-06-01 10:43:55',0),(63,'negUser@gmail.com',775409,'17:35:26','2023-06-01 12:05:27',0),(64,'negVendor@gmail.com',940771,'17:38:57','2023-06-01 12:06:50',0),(65,'negVendor1@gmail.com',163228,'18:04:29','2023-06-01 12:09:34',0),(66,'negUser1@gmail.com',262141,'17:40:08','2023-06-01 12:10:08',0),(67,'negVendor2@gmail.com',340796,'18:09:14','2023-06-01 12:35:23',1),(68,'negVendor3@gmail.com',517808,'18:11:01','2023-06-01 12:41:02',1),(69,'negVendor4@gmail.com',517944,'18:12:23','2023-06-01 12:42:08',1),(70,'negVendor5@gmail.com',597062,'18:13:09','2023-06-01 12:43:09',0),(71,'negVendor6@gmail.com',274218,'18:20:24','2023-06-01 12:50:13',0),(72,'negVendor7@gmail.com',948857,'23:54:35','2023-06-01 18:24:35',0),(73,'negVendor8@gmail.com',501272,'23:58:23','2023-06-01 18:28:24',0),(74,'negVendor9@gmail.com',895313,'00:46:33','2023-06-01 19:16:33',1),(75,'negil.babu+10@innovaturelabs.com',720009,'12:38:17','2023-06-07 07:15:52',0),(76,'negVendor10@gmail.com',455900,'10:07:57','2023-06-12 04:36:07',0),(77,'negilbabu+00989@gmail.com',905889,'10:08:12','2023-06-12 04:38:12',0),(78,'shobith.chandran@innovaturelabs.com',405851,'15:58:54','2023-06-13 10:28:55',0),(79,'negil.babu+0@innovaturelabs.com',402530,'17:28:07','2023-06-20 11:58:07',0),(80,'negil.babu+200@innovaturelabs.com',707477,'18:05:50','2023-06-21 10:06:40',1),(81,'negilbabu+201@gmail.com',973726,'15:57:34','2023-06-21 10:25:33',1),(82,'negilbabu+202@gmail.com',393615,'18:53:29','2023-06-21 13:15:54',1),(83,'negilbabu+203@gmail.com',787430,'18:06:57','2023-06-21 13:25:42',1),(84,'negil.babu+201@innovaturelabs.com',837113,'18:18:32','2023-06-26 12:48:33',1),(85,'negilbabu+500@gmail.com',587149,'13:03:16','2023-06-27 07:29:08',1),(86,'negilbabu+204@gmail.com',276831,'14:09:00','2023-06-27 08:39:00',1),(87,'negilbabu002@gmail.com',347118,'14:10:58','2023-06-27 08:40:58',1),(88,'negilbabu+205@gmail.com',565537,'11:35:08','2023-07-03 06:05:09',1),(89,'negilbabu+206@gmail.com',278276,'20:14:35','2023-07-03 14:44:35',1),(90,'negil.babu+202@innovaturelabs.com',882133,'20:15:28','2023-07-03 14:45:28',0),(91,'negilbabu+207@gmail.com',687496,'10:56:23','2023-07-04 05:26:24',0),(92,'negilbabu+208@gmail.com',721998,'12:08:17','2023-07-04 06:38:18',0),(93,'negil.babu+208@innovaturelabs.com',714588,'15:24:27','2023-07-04 09:54:27',1),(94,'negil.babu+209@innovaturelabs.com',900712,'15:26:50','2023-07-04 09:55:17',1),(95,'negil.babu+203@innovaturelabs.com',382548,'15:27:23','2023-07-04 09:57:23',1),(96,'negil.babu+204@innovaturelabs.com',175792,'15:28:13','2023-07-04 09:57:48',1),(97,'negil.babu+129@innovaturelabs.com',772286,'17:56:12','2023-07-04 12:23:11',0),(98,'negil.babu+205@innovaturelabs.com',974407,'18:48:51','2023-07-12 05:19:23',0),(99,'shobith.chandran+1@innovaturelabs.com',546282,'18:50:21','2023-07-12 13:20:21',0),(100,'negil.babu+981@innovaturelabs.com',930635,'10:11:47','2023-07-13 03:34:53',0),(101,'negil.babu+1221@innovaturelabs.com',700177,'10:47:35','2023-07-13 05:07:00',1),(102,'negil.babu@innovaturelabs.com',612466,'11:49:53','2023-07-13 06:16:53',0),(103,'testnegspam@gmail.com',753676,'16:30:36','2023-07-17 10:52:56',1),(104,'negilbabu+111@gmail.com',802445,'15:58:52','2023-07-21 10:28:52',1),(105,'negilbabu+333@gmail.com',380036,'09:56:05','2023-07-31 04:26:05',1);
/*!40000 ALTER TABLE `otp_table` ENABLE KEYS */;
UNLOCK TABLES;

--
-- Table structure for table `payment_method`
--

DROP TABLE IF EXISTS `payment_method`;
/*!40101 SET @saved_cs_client     = @@character_set_client */;
/*!50503 SET character_set_client = utf8mb4 */;
CREATE TABLE `payment_method` (
  `id` int NOT NULL AUTO_INCREMENT,
  `created_at` datetime(6) DEFAULT NULL,
  `name` varchar(255) DEFAULT NULL,
  `status` tinyint NOT NULL,
  `updated_at` datetime(6) DEFAULT NULL,
  `admin_id` int NOT NULL,
  PRIMARY KEY (`id`),
  KEY `FK4aarit3lpm895b3h1l5yj4kjk` (`admin_id`),
  CONSTRAINT `FK4aarit3lpm895b3h1l5yj4kjk` FOREIGN KEY (`admin_id`) REFERENCES `admin_table` (`id`)
) ENGINE=InnoDB AUTO_INCREMENT=3 DEFAULT CHARSET=utf8mb4 COLLATE=utf8mb4_0900_ai_ci;
/*!40101 SET character_set_client = @saved_cs_client */;

--
-- Dumping data for table `payment_method`
--

LOCK TABLES `payment_method` WRITE;
/*!40000 ALTER TABLE `payment_method` DISABLE KEYS */;
INSERT INTO `payment_method` VALUES (1,'2023-07-05 05:10:47.439000','Credit Card',0,'2023-07-05 05:10:47.439000',2),(2,'2023-07-05 05:12:06.730000','Net Banking',0,'2023-07-05 05:12:06.730000',2);
/*!40000 ALTER TABLE `payment_method` ENABLE KEYS */;
UNLOCK TABLES;

--
-- Table structure for table `product`
--

DROP TABLE IF EXISTS `product`;
/*!40101 SET @saved_cs_client     = @@character_set_client */;
/*!50503 SET character_set_client = utf8mb4 */;
CREATE TABLE `product` (
  `id` int NOT NULL AUTO_INCREMENT,
  `available_stock` int NOT NULL,
  `cover_image` varchar(255) DEFAULT NULL,
  `created_at` datetime(6) DEFAULT NULL,
  `description` varchar(255) DEFAULT NULL,
  `name` varchar(255) DEFAULT NULL,
  `price` double NOT NULL,
  `status` tinyint NOT NULL,
  `stock` int NOT NULL,
  `thumbnail` varchar(255) DEFAULT NULL,
  `updated_at` datetime(6) DEFAULT NULL,
  `category_id` int NOT NULL,
  `store_id` int NOT NULL,
  `sub_category_id` int NOT NULL,
  PRIMARY KEY (`id`),
  KEY `FK1mtsbur82frn64de7balymq9s` (`category_id`),
  KEY `FK5rxbhjy5cu56v448ow2a3odrp` (`store_id`),
  KEY `FKd9gfnsjgfwjtaxl57udrbocsp` (`sub_category_id`),
  CONSTRAINT `FK1mtsbur82frn64de7balymq9s` FOREIGN KEY (`category_id`) REFERENCES `category` (`id`),
  CONSTRAINT `FK5rxbhjy5cu56v448ow2a3odrp` FOREIGN KEY (`store_id`) REFERENCES `store_table` (`id`),
  CONSTRAINT `FKd9gfnsjgfwjtaxl57udrbocsp` FOREIGN KEY (`sub_category_id`) REFERENCES `sub_category` (`id`)
) ENGINE=InnoDB AUTO_INCREMENT=53 DEFAULT CHARSET=utf8mb4 COLLATE=utf8mb4_0900_ai_ci;
/*!40101 SET character_set_client = @saved_cs_client */;

--
-- Dumping data for table `product`
--

LOCK TABLES `product` WRITE;
/*!40000 ALTER TABLE `product` DISABLE KEYS */;
INSERT INTO `product` VALUES (1,1,'https://firebasestorage.googleapis.com/v0/b/rentx-bb406.appspot.com/o/product-images%2F31PIJcknlCS._SS400_.jpg?alt=media&token=ab23a8ee-6a82-4910-a890-22a123578bc2','2023-05-30 13:23:27.211000','gasdghjk','Chair',10,0,1,'https://firebasestorage.googleapis.com/v0/b/rentx-bb406.appspot.com/o/product-images%2Fcompressed_31PIJcknlCS._SS400_.jpg?alt=media&token=39dde37b-4bce-4211-93b2-1fd9d8a991cb','2023-07-31 06:13:56.416000',1,1,1),(2,1,'https://firebasestorage.googleapis.com/v0/b/rentx-bb406.appspot.com/o/product-images%2F31PIJcknlCS._SS400_.jpg?alt=media&token=ab23a8ee-6a82-4910-a890-22a123578bc2','2023-05-30 13:28:03.480000','gasdghjk','Chair1',20,0,1,'https://firebasestorage.googleapis.com/v0/b/rentx-bb406.appspot.com/o/product-images%2Fcompressed_31PIJcknlCS._SS400_.jpg?alt=media&token=39dde37b-4bce-4211-93b2-1fd9d8a991cb','2023-07-31 06:22:55.826000',1,2,1),(3,1,'https://firebasestorage.googleapis.com/v0/b/rentx-bb406.appspot.com/o/product-images%2F31PIJcknlCS._SS400_.jpg?alt=media&token=ab23a8ee-6a82-4910-a890-22a123578bc2','2023-05-30 13:30:38.502000','gasdghjk','Test',30,0,1,'https://firebasestorage.googleapis.com/v0/b/rentx-bb406.appspot.com/o/product-images%2Fcompressed_31PIJcknlCS._SS400_.jpg?alt=media&token=39dde37b-4bce-4211-93b2-1fd9d8a991cb','2023-07-31 06:22:55.826000',1,1,1),(4,1,'https://firebasestorage.googleapis.com/v0/b/rentx-bb406.appspot.com/o/product-images%2F31PIJcknlCS._SS400_.jpg?alt=media&token=ab23a8ee-6a82-4910-a890-22a123578bc2','2023-05-30 13:30:47.418000','gasdghjk','Toys',50,0,1,'https://firebasestorage.googleapis.com/v0/b/rentx-bb406.appspot.com/o/product-images%2Fcompressed_31PIJcknlCS._SS400_.jpg?alt=media&token=39dde37b-4bce-4211-93b2-1fd9d8a991cb','2023-07-31 06:22:55.827000',1,1,1),(5,1,'https://firebasestorage.googleapis.com/v0/b/rentx-bb406.appspot.com/o/product-images%2F31PIJcknlCS._SS400_.jpg?alt=media&token=ab23a8ee-6a82-4910-a890-22a123578bc2','2023-05-30 13:30:57.312000','gasdghjk','Cars',10000,0,1,'https://firebasestorage.googleapis.com/v0/b/rentx-bb406.appspot.com/o/product-images%2Fcompressed_31PIJcknlCS._SS400_.jpg?alt=media&token=39dde37b-4bce-4211-93b2-1fd9d8a991cb','2023-07-31 06:22:55.827000',1,2,1),(6,1,'https://firebasestorage.googleapis.com/v0/b/rentx-bb406.appspot.com/o/product-images%2F31PIJcknlCS._SS400_.jpg?alt=media&token=ab23a8ee-6a82-4910-a890-22a123578bc2','2023-05-30 13:31:12.983000','gasdghjk','Kitchenset',700,0,1,'https://firebasestorage.googleapis.com/v0/b/rentx-bb406.appspot.com/o/product-images%2Fcompressed_31PIJcknlCS._SS400_.jpg?alt=media&token=39dde37b-4bce-4211-93b2-1fd9d8a991cb','2023-07-31 06:22:55.828000',1,1,1),(7,1,'https://firebasestorage.googleapis.com/v0/b/rentx-bb406.appspot.com/o/product-images%2F31PIJcknlCS._SS400_.jpg?alt=media&token=ab23a8ee-6a82-4910-a890-22a123578bc2','2023-05-30 13:31:20.598000','gasdghjk','Glass Door',8999,0,1,'https://firebasestorage.googleapis.com/v0/b/rentx-bb406.appspot.com/o/product-images%2Fcompressed_31PIJcknlCS._SS400_.jpg?alt=media&token=39dde37b-4bce-4211-93b2-1fd9d8a991cb','2023-07-31 06:22:55.829000',1,1,1),(8,1,'https://firebasestorage.googleapis.com/v0/b/rentx-bb406.appspot.com/o/product-images%2F31PIJcknlCS._SS400_.jpg?alt=media&token=ab23a8ee-6a82-4910-a890-22a123578bc2','2023-05-30 13:31:44.271000','gasdghjk','Items',10000,0,1,'https://firebasestorage.googleapis.com/v0/b/rentx-bb406.appspot.com/o/product-images%2Fcompressed_31PIJcknlCS._SS400_.jpg?alt=media&token=39dde37b-4bce-4211-93b2-1fd9d8a991cb','2023-07-31 06:22:55.829000',1,2,1),(9,1,'https://firebasestorage.googleapis.com/v0/b/rentx-bb406.appspot.com/o/product-images%2F31PIJcknlCS._SS400_.jpg?alt=media&token=ab23a8ee-6a82-4910-a890-22a123578bc2','2023-05-30 13:31:53.252000','gasdghjk','Product 9',10000,5,1,'https://firebasestorage.googleapis.com/v0/b/rentx-bb406.appspot.com/o/product-images%2Fcompressed_31PIJcknlCS._SS400_.jpg?alt=media&token=39dde37b-4bce-4211-93b2-1fd9d8a991cb','2023-07-31 06:13:56.480000',1,1,1),(10,1,'https://firebasestorage.googleapis.com/v0/b/rentx-bb406.appspot.com/o/product-images%2F31PIJcknlCS._SS400_.jpg?alt=media&token=ab23a8ee-6a82-4910-a890-22a123578bc2','2023-05-30 13:31:57.419000','gasdghjk','Product 10',10000,5,1,'https://firebasestorage.googleapis.com/v0/b/rentx-bb406.appspot.com/o/product-images%2Fcompressed_31PIJcknlCS._SS400_.jpg?alt=media&token=39dde37b-4bce-4211-93b2-1fd9d8a991cb','2023-07-31 06:13:56.481000',1,2,1),(11,100,'https://firebasestorage.googleapis.com/v0/b/rentx-bb406.appspot.com/o/product-images%2F31PIJcknlCS._SS400_.jpg?alt=media&token=ab23a8ee-6a82-4910-a890-22a123578bc2','2023-05-31 06:39:00.550000','gasdghjk','Product 11',10000,0,100,'https://firebasestorage.googleapis.com/v0/b/rentx-bb406.appspot.com/o/product-images%2Fcompressed_31PIJcknlCS._SS400_.jpg?alt=media&token=39dde37b-4bce-4211-93b2-1fd9d8a991cb','2023-07-31 06:13:56.481000',1,1,1),(12,100,'https://firebasestorage.googleapis.com/v0/b/rentx-bb406.appspot.com/o/product-images%2F31PIJcknlCS._SS400_.jpg?alt=media&token=ab23a8ee-6a82-4910-a890-22a123578bc2','2023-05-31 06:41:34.467000','gasdghjk','gggProduct  11',10000,0,100,'https://firebasestorage.googleapis.com/v0/b/rentx-bb406.appspot.com/o/product-images%2Fcompressed_31PIJcknlCS._SS400_.jpg?alt=media&token=39dde37b-4bce-4211-93b2-1fd9d8a991cb','2023-07-31 06:13:56.482000',1,2,1),(13,100,'https://firebasestorage.googleapis.com/v0/b/rentx-bb406.appspot.com/o/product-images%2F31PIJcknlCS._SS400_.jpg?alt=media&token=ab23a8ee-6a82-4910-a890-22a123578bc2','2023-05-31 08:30:48.919000','gasdghjk','Product111',10000,0,100,'https://firebasestorage.googleapis.com/v0/b/rentx-bb406.appspot.com/o/product-images%2Fcompressed_31PIJcknlCS._SS400_.jpg?alt=media&token=39dde37b-4bce-4211-93b2-1fd9d8a991cb','2023-07-31 06:13:56.482000',1,1,1),(14,100,'https://firebasestorage.googleapis.com/v0/b/rentx-bb406.appspot.com/o/product-images%2F31PIJcknlCS._SS400_.jpg?alt=media&token=ab23a8ee-6a82-4910-a890-22a123578bc2','2023-06-01 10:41:00.905000','gasdghjk','AAAProduct111',10000,0,100,'https://firebasestorage.googleapis.com/v0/b/rentx-bb406.appspot.com/o/product-images%2Fcompressed_31PIJcknlCS._SS400_.jpg?alt=media&token=39dde37b-4bce-4211-93b2-1fd9d8a991cb','2023-07-27 05:56:59.709000',1,3,1),(15,100,'https://firebasestorage.googleapis.com/v0/b/rentx-bb406.appspot.com/o/product-images%2F31PIJcknlCS._SS400_.jpg?alt=media&token=ab23a8ee-6a82-4910-a890-22a123578bc2','2023-06-01 10:41:06.448000','gasdghjk','zzzProduct111',10000,0,100,'https://firebasestorage.googleapis.com/v0/b/rentx-bb406.appspot.com/o/product-images%2Fcompressed_31PIJcknlCS._SS400_.jpg?alt=media&token=39dde37b-4bce-4211-93b2-1fd9d8a991cb','2023-07-27 05:57:01.607000',1,6,1),(16,100,'https://firebasestorage.googleapis.com/v0/b/rentx-bb406.appspot.com/o/product-images%2F31PIJcknlCS._SS400_.jpg?alt=media&token=ab23a8ee-6a82-4910-a890-22a123578bc2','2023-06-02 07:03:37.307000','gasdghjk','Product111',10000,0,100,'https://firebasestorage.googleapis.com/v0/b/rentx-bb406.appspot.com/o/product-images%2Fcompressed_31PIJcknlCS._SS400_.jpg?alt=media&token=39dde37b-4bce-4211-93b2-1fd9d8a991cb','2023-07-27 05:57:02.797000',1,6,1),(17,100,'https://firebasestorage.googleapis.com/v0/b/rentx-bb406.appspot.com/o/product-images%2F31PIJcknlCS._SS400_.jpg?alt=media&token=ab23a8ee-6a82-4910-a890-22a123578bc2','2023-06-02 07:03:56.480000','gasdghjk','Product111dsf',10000,0,100,'https://firebasestorage.googleapis.com/v0/b/rentx-bb406.appspot.com/o/product-images%2Fcompressed_31PIJcknlCS._SS400_.jpg?alt=media&token=39dde37b-4bce-4211-93b2-1fd9d8a991cb','2023-07-27 05:57:03.931000',1,6,1),(18,100,'https://firebasestorage.googleapis.com/v0/b/rentx-bb406.appspot.com/o/product-images%2F31PIJcknlCS._SS400_.jpg?alt=media&token=ab23a8ee-6a82-4910-a890-22a123578bc2','2023-06-02 10:35:13.710000','gasdghjk','Producggt111dsf',10000,0,100,'https://firebasestorage.googleapis.com/v0/b/rentx-bb406.appspot.com/o/product-images%2Fcompressed_31PIJcknlCS._SS400_.jpg?alt=media&token=39dde37b-4bce-4211-93b2-1fd9d8a991cb','2023-07-27 05:57:05.364000',1,4,1),(19,100,'https://firebasestorage.googleapis.com/v0/b/rentx-bb406.appspot.com/o/product-images%2F31PIJcknlCS._SS400_.jpg?alt=media&token=ab23a8ee-6a82-4910-a890-22a123578bc2','2023-06-02 12:54:44.177000','gasdghjk','Produ1dsf',10000,0,100,'https://firebasestorage.googleapis.com/v0/b/rentx-bb406.appspot.com/o/product-images%2Fcompressed_31PIJcknlCS._SS400_.jpg?alt=media&token=39dde37b-4bce-4211-93b2-1fd9d8a991cb','2023-07-27 05:57:06.191000',1,4,1),(20,100,'https://firebasestorage.googleapis.com/v0/b/rentx-bb406.appspot.com/o/product-images%2F31PIJcknlCS._SS400_.jpg?alt=media&token=ab23a8ee-6a82-4910-a890-22a123578bc2','2023-06-05 10:28:00.705000','gasdghjk','Produ1desf',10000,0,100,'https://firebasestorage.googleapis.com/v0/b/rentx-bb406.appspot.com/o/product-images%2Fcompressed_31PIJcknlCS._SS400_.jpg?alt=media&token=39dde37b-4bce-4211-93b2-1fd9d8a991cb','2023-07-27 05:57:07.167000',1,4,1),(21,100,'https://firebasestorage.googleapis.com/v0/b/rentx-bb406.appspot.com/o/product-images%2F31PIJcknlCS._SS400_.jpg?alt=media&token=ab23a8ee-6a82-4910-a890-22a123578bc2','2023-06-05 10:30:56.785000','gasdghjk','Produ1dejsf',10000,0,100,'https://firebasestorage.googleapis.com/v0/b/rentx-bb406.appspot.com/o/product-images%2Fcompressed_31PIJcknlCS._SS400_.jpg?alt=media&token=39dde37b-4bce-4211-93b2-1fd9d8a991cb','2023-07-27 05:57:08.513000',1,4,1),(22,100,'https://firebasestorage.googleapis.com/v0/b/rentx-bb406.appspot.com/o/product-images%2F31PIJcknlCS._SS400_.jpg?alt=media&token=ab23a8ee-6a82-4910-a890-22a123578bc2','2023-06-05 10:31:57.577000','gasdghjk','Produ1dffejsf',10000,4,100,'https://firebasestorage.googleapis.com/v0/b/rentx-bb406.appspot.com/o/product-images%2Fcompressed_31PIJcknlCS._SS400_.jpg?alt=media&token=39dde37b-4bce-4211-93b2-1fd9d8a991cb','2023-07-27 05:57:09.655000',1,4,1),(23,100,'https://firebasestorage.googleapis.com/v0/b/rentx-bb406.appspot.com/o/product-images%2F31PIJcknlCS._SS400_.jpg?alt=media&token=ab23a8ee-6a82-4910-a890-22a123578bc2','2023-06-05 10:32:24.123000','gasdghjk','Produ1dffehhjsf',10000,4,100,'https://firebasestorage.googleapis.com/v0/b/rentx-bb406.appspot.com/o/product-images%2Fcompressed_31PIJcknlCS._SS400_.jpg?alt=media&token=39dde37b-4bce-4211-93b2-1fd9d8a991cb','2023-07-27 05:57:10.738000',1,4,1),(24,100,'https://firebasestorage.googleapis.com/v0/b/rentx-bb406.appspot.com/o/product-images%2F31PIJcknlCS._SS400_.jpg?alt=media&token=ab23a8ee-6a82-4910-a890-22a123578bc2','2023-06-05 10:32:58.031000','gasdghjk','Produ1dffehhjsf8',10000,4,100,'https://firebasestorage.googleapis.com/v0/b/rentx-bb406.appspot.com/o/product-images%2Fcompressed_31PIJcknlCS._SS400_.jpg?alt=media&token=39dde37b-4bce-4211-93b2-1fd9d8a991cb','2023-07-27 05:57:11.741000',1,4,1),(25,100,'https://firebasestorage.googleapis.com/v0/b/rentx-bb406.appspot.com/o/product-images%2F31PIJcknlCS._SS400_.jpg?alt=media&token=ab23a8ee-6a82-4910-a890-22a123578bc2','2023-06-05 10:35:29.736000','gasdghjk','Produ1dffefhhjsf8',10000,4,100,'https://firebasestorage.googleapis.com/v0/b/rentx-bb406.appspot.com/o/product-images%2Fcompressed_31PIJcknlCS._SS400_.jpg?alt=media&token=39dde37b-4bce-4211-93b2-1fd9d8a991cb','2023-07-27 05:57:13.149000',1,4,1),(26,100,'https://firebasestorage.googleapis.com/v0/b/rentx-bb406.appspot.com/o/product-images%2F31PIJcknlCS._SS400_.jpg?alt=media&token=ab23a8ee-6a82-4910-a890-22a123578bc2','2023-06-05 10:43:39.594000','gasdghjk','Produ1dhhffefhhjsf8',10000,4,100,'https://firebasestorage.googleapis.com/v0/b/rentx-bb406.appspot.com/o/product-images%2Fcompressed_31PIJcknlCS._SS400_.jpg?alt=media&token=39dde37b-4bce-4211-93b2-1fd9d8a991cb','2023-07-27 05:57:14.068000',1,4,1),(27,100,'https://firebasestorage.googleapis.com/v0/b/rentx-bb406.appspot.com/o/product-images%2F31PIJcknlCS._SS400_.jpg?alt=media&token=ab23a8ee-6a82-4910-a890-22a123578bc2','2023-06-05 11:24:59.102000','gasdghjk','ggggg',10000,0,100,'https://firebasestorage.googleapis.com/v0/b/rentx-bb406.appspot.com/o/product-images%2Fcompressed_31PIJcknlCS._SS400_.jpg?alt=media&token=39dde37b-4bce-4211-93b2-1fd9d8a991cb','2023-07-27 05:57:15.691000',1,4,1),(28,100,'https://firebasestorage.googleapis.com/v0/b/rentx-bb406.appspot.com/o/product-images%2F31PIJcknlCS._SS400_.jpg?alt=media&token=ab23a8ee-6a82-4910-a890-22a123578bc2','2023-06-05 12:32:37.862000','gasdghjk','ggggggg',10000,4,100,'https://firebasestorage.googleapis.com/v0/b/rentx-bb406.appspot.com/o/product-images%2Fcompressed_31PIJcknlCS._SS400_.jpg?alt=media&token=39dde37b-4bce-4211-93b2-1fd9d8a991cb','2023-07-27 05:57:17.338000',1,4,1),(29,100,'https://firebasestorage.googleapis.com/v0/b/rentx-bb406.appspot.com/o/product-images%2F31PIJcknlCS._SS400_.jpg?alt=media&token=ab23a8ee-6a82-4910-a890-22a123578bc2','2023-06-05 12:33:10.266000','gasdghjk','ggggfggg',10000,0,100,'https://firebasestorage.googleapis.com/v0/b/rentx-bb406.appspot.com/o/product-images%2Fcompressed_31PIJcknlCS._SS400_.jpg?alt=media&token=39dde37b-4bce-4211-93b2-1fd9d8a991cb','2023-07-27 05:57:18.606000',1,4,1),(30,100,'1234567891011121314151617181920212223242526272829303132333435363738394041424344454647484950515253545123456789101112131415161718192021222324252627282930313233343536373839404142434445464748495051525354503132333435363738394041424344454647484950515253545','2023-06-06 07:22:14.088000','gasdghjk','jggj',10000,0,100,'https://firebasestorage.googleapis.com/v0/b/rentx-bb406.appspot.com/o/product-images%2Fcompressed_31PIJcknlCS._SS400_.jpg?alt=media&token=39dde37b-4bce-4211-93b2-1fd9d8a991cb','2023-07-27 05:57:19.607000',1,4,1),(31,100,'123456789101112131415161718192021222324252627282930313233343536373839404142434445464748495051525354512345678910111213141516171819202122232425262728293031323334353637383940414243444546474849505152535450313233343536373839404142434445464748495051525354511111','2023-06-06 07:22:29.466000','gasdghjk','jgddgj',10000,0,100,'https://firebasestorage.googleapis.com/v0/b/rentx-bb406.appspot.com/o/product-images%2Fcompressed_31PIJcknlCS._SS400_.jpg?alt=media&token=39dde37b-4bce-4211-93b2-1fd9d8a991cb','2023-07-27 05:57:20.830000',1,4,1),(32,100,'123456789101112131415161718192021222324252627282930313233343536373839404142434445464748495051525354512345678910111213141516171819202122232425262728293031323334353637383940414243444546474849505152535450313233343536373839404142434445464748495051525354511111','2023-06-06 07:24:07.450000','gasdghjk','jugddgj',10000,0,100,'123456789101112131415161718192021222324252627282930313233343536373839404142434445464748495051525354512345678910111213141516171819202122232425262728293031323334353637383940414243444546474849505152535450313233343536373839404142434445464748495051525354511111','2023-07-27 05:57:21.710000',1,4,1),(33,100,'123456789101112131415161718192021222324252627282930313233343536373839404142434445464748495051525354512345678910111213141516171819202122232425262728293031323334353637383940414243444546474849505152535450313233343536373839404142434445464748495051525354511111','2023-06-12 04:12:16.177000','gasdghjk','june12',10000,4,100,'123456789101112131415161718192021222324252627282930313233343536373839404142434445464748495051525354512345678910111213141516171819202122232425262728293031323334353637383940414243444546474849505152535450313233343536373839404142434445464748495051525354511111','2023-07-27 05:57:22.009000',1,4,1),(34,100,'123456789101112131415161718192021222324252627282930313233343536373839404142434445464748495051525354512345678910111213141516171819202122232425262728293031323334353637383940414243444546474849505152535450313233343536373839404142434445464748495051525354511111','2023-06-12 07:15:25.706000','gasdghjk','june123',10000,4,100,'123456789101112131415161718192021222324252627282930313233343536373839404142434445464748495051525354512345678910111213141516171819202122232425262728293031323334353637383940414243444546474849505152535450313233343536373839404142434445464748495051525354511111','2023-07-27 05:57:22.389000',1,4,1),(35,100,'123456789101112131415161718192021222324252627282930313233343536373839404142434445464748495051525354512345678910111213141516171819202122232425262728293031323334353637383940414243444546474849505152535450313233343536373839404142434445464748495051525354511111','2023-06-12 07:16:43.824000','gasdghjk','june12jj3',10000,4,100,'123456789101112131415161718192021222324252627282930313233343536373839404142434445464748495051525354512345678910111213141516171819202122232425262728293031323334353637383940414243444546474849505152535450313233343536373839404142434445464748495051525354511111','2023-07-27 05:57:23.048000',1,4,1),(36,100,'123456789101112131415161718192021222324252627282930313233343536373839404142434445464748495051525354512345678910111213141516171819202122232425262728293031323334353637383940414243444546474849505152535450313233343536373839404142434445464748495051525354511111','2023-06-12 08:32:28.290000','gasdghjk','juuiuu',10000,4,100,'123456789101112131415161718192021222324252627282930313233343536373839404142434445464748495051525354512345678910111213141516171819202122232425262728293031323334353637383940414243444546474849505152535450313233343536373839404142434445464748495051525354511111','2023-07-27 05:57:24.511000',1,4,1),(37,100,'123456789101112131415161718192021222324252627282930313233343536373839404142434445464748495051525354512345678910111213141516171819202122232425262728293031323334353637383940414243444546474849505152535450313233343536373839404142434445464748495051525354511111','2023-06-12 10:05:12.957000','gasdghjk','juuiuu9',10000,4,100,'123456789101112131415161718192021222324252627282930313233343536373839404142434445464748495051525354512345678910111213141516171819202122232425262728293031323334353637383940414243444546474849505152535450313233343536373839404142434445464748495051525354511111','2023-07-27 05:57:24.860000',1,4,1),(38,100,'123456789101112131415161718192021222324252627282930313233343536373839404142434445464748495051525354512345678910111213141516171819202122232425262728293031323334353637383940414243444546474849505152535450313233343536373839404142434445464748495051525354511111','2023-06-12 10:08:00.766000','gasdghjk','juui2uu9',10000,4,100,'123456789101112131415161718192021222324252627282930313233343536373839404142434445464748495051525354512345678910111213141516171819202122232425262728293031323334353637383940414243444546474849505152535450313233343536373839404142434445464748495051525354511111','2023-07-27 05:57:25.123000',1,4,1),(39,100,'123456789101112131415161718192021222324252627282930313233343536373839404142434445464748495051525354512345678910111213141516171819202122232425262728293031323334353637383940414243444546474849505152535450313233343536373839404142434445464748495051525354511111','2023-06-12 10:22:03.200000','gasdghjk','juui2ulu9',10000,4,100,'123456789101112131415161718192021222324252627282930313233343536373839404142434445464748495051525354512345678910111213141516171819202122232425262728293031323334353637383940414243444546474849505152535450313233343536373839404142434445464748495051525354511111','2023-07-27 05:57:25.416000',1,4,1),(40,100,'123456789101112131415161718192021222324252627282930313233343536373839404142434445464748495051525354512345678910111213141516171819202122232425262728293031323334353637383940414243444546474849505152535450313233343536373839404142434445464748495051525354511111','2023-06-14 06:19:57.351000','gasdghjk','juui2usslu9',10000,4,100,'123456789101112131415161718192021222324252627282930313233343536373839404142434445464748495051525354512345678910111213141516171819202122232425262728293031323334353637383940414243444546474849505152535450313233343536373839404142434445464748495051525354511111','2023-07-27 05:57:26.732000',1,4,1),(41,100,'https://firebasestorage.googleapis.com/v0/b/rentx-bb406.appspot.com/o/category-images%2Flogo-blue.png?alt=media&token=8c68fdaf-8947-4be6-b0f3-686999475e9d','2023-07-14 13:02:42.480000','this is a valid description','bikez',11,4,100,'https://firebasestorage.googleapis.com/v0/b/rentx-bb406.appspot.com/o/category-images%2Flogo-blue.png?alt=media&token=8c68fdaf-8947-4be6-b0f3-686999475e9d','2023-07-27 05:57:27.601000',1,3,1),(42,100,'123456789101112131415161718192021222324252627282930313233343536373839404142434445464748495051525354512345678910111213141516171819202122232425262728293031323334353637383940414243444546474849505152535450313233343536373839404142434445464748495051525354511111','2023-07-17 03:54:32.325000','gasdghjk','Product 1',10000,4,100,'123456789101112131415161718192021222324252627282930313233343536373839404142434445464748495051525354512345678910111213141516171819202122232425262728293031323334353637383940414243444546474849505152535450313233343536373839404142434445464748495051525354511111','2023-07-27 05:57:28.986000',1,3,1),(43,100,'https://firebasestorage.googleapis.com/v0/b/rentx-bb406.appspot.com/o/category-images%2Flogo-blue.png?alt=media&token=8c68fdaf-8947-4be6-b0f3-686999475e9d','2023-07-17 13:15:22.098000','this is a valid description','new Ether',11,0,100,'https://firebasestorage.googleapis.com/v0/b/rentx-bb406.appspot.com/o/category-images%2Flogo-blue.png?alt=media&token=8c68fdaf-8947-4be6-b0f3-686999475e9d','2023-07-27 05:57:30.510000',1,9,1),(44,100,'https://firebasestorage.googleapis.com/v0/b/rentx-bb406.appspot.com/o/category-images%2Flogo-blue.png?alt=media&token=8c68fdaf-8947-4be6-b0f3-686999475e9d','2023-07-18 06:09:10.650000','Edited','Chair Edited',500,0,100,'https://firebasestorage.googleapis.com/v0/b/rentx-bb406.appspot.com/o/category-images%2Flogo-blue.png?alt=media&token=8c68fdaf-8947-4be6-b0f3-686999475e9d','2023-07-27 05:57:32.219000',1,9,1),(45,101,'https://firebasestorage.googleapis.com/v0/b/rentx-bb406.appspot.com/o/product-images%2Fcover_1689669518?alt=media&token=61e32097-bf15-4245-8a3e-12b63e0acd47','2023-07-18 08:40:55.838000','AAAAAAA','kOCHIN PRODUCT',99,0,101,'https://firebasestorage.googleapis.com/v0/b/rentx-bb406.appspot.com/o/product-images%2Fcompressed_1689669518?alt=media&token=3c238556-4a7f-4db4-b38a-31de8bc04ba6','2023-07-27 11:53:02.768000',1,16,1),(46,55,'https://firebasestorage.googleapis.com/v0/b/rentx-bb406.appspot.com/o/product-images%2Fcover_1689669978?alt=media&token=ea2c56dc-851f-4cd8-ac0f-c080b5c3ef8a','2023-07-18 08:47:06.215000','not a fair description','chennaii',52,0,55,'https://firebasestorage.googleapis.com/v0/b/rentx-bb406.appspot.com/o/product-images%2Fcover_1689669978?alt=media&token=ea2c56dc-851f-4cd8-ac0f-c080b5c3ef8a','2023-07-27 12:05:35.264000',1,24,1),(47,100,'123456789101112131415161718192021222324252627282930313233343536373839404142434445464748495051525354512345678910111213141516171819202122232425262728293031323334353637383940414243444546474849505152535450313233343536373839404142434445464748495051525354511111','2023-07-20 07:32:30.641000','gasdghjk','Chitty',10000,0,100,'123456789101112131415161718192021222324252627282930313233343536373839404142434445464748495051525354512345678910111213141516171819202122232425262728293031323334353637383940414243444546474849505152535450313233343536373839404142434445464748495051525354511111','2023-07-27 05:57:33.570000',1,9,1),(48,100,'123456789101112131415161718192021222324252627282930313233343536373839404142434445464748495051525354512345678910111213141516171819202122232425262728293031323334353637383940414243444546474849505152535450313233343536373839404142434445464748495051525354511111','2023-07-20 07:32:36.690000','gasdghjk','Test1',10000,0,100,'123456789101112131415161718192021222324252627282930313233343536373839404142434445464748495051525354512345678910111213141516171819202122232425262728293031323334353637383940414243444546474849505152535450313233343536373839404142434445464748495051525354511111','2023-07-27 05:57:35.648000',1,9,1),(49,100,'123456789101112131415161718192021222324252627282930313233343536373839404142434445464748495051525354512345678910111213141516171819202122232425262728293031323334353637383940414243444546474849505152535450313233343536373839404142434445464748495051525354511111','2023-07-20 07:32:40.315000','gasdghjk','new Test2',10000,0,100,'123456789101112131415161718192021222324252627282930313233343536373839404142434445464748495051525354512345678910111213141516171819202122232425262728293031323334353637383940414243444546474849505152535450313233343536373839404142434445464748495051525354511111','2023-07-27 05:57:36.732000',1,9,1),(50,8989,'https://firebasestorage.googleapis.com/v0/b/rentx-bb406.appspot.com/o/product-images%2Fcover_1690259891?alt=media&token=076b65f0-4bef-4561-92b1-888b7de1cf7d','2023-07-25 04:39:14.388000','asdfghjkl','my product',100,0,8989,'https://firebasestorage.googleapis.com/v0/b/rentx-bb406.appspot.com/o/product-images%2Fcompressed_1690259891?alt=media&token=58949600-c962-45b3-a1be-d8280fa2e2b6','2023-07-27 05:57:38.394000',1,29,1),(51,100,'https://firebasestorage.googleapis.com/v0/b/rentx-bb406.appspot.com/o/product-images%2Fcover_1690519396?alt=media&token=22b6dffa-8f31-49ee-a76b-1855915ceb99','2023-07-28 04:44:02.090000','Chennai product 1','Chennai product 1',1000,0,100,'https://firebasestorage.googleapis.com/v0/b/rentx-bb406.appspot.com/o/product-images%2Fcover_1690519396?alt=media&token=22b6dffa-8f31-49ee-a76b-1855915ceb99','2023-07-31 06:13:56.483000',1,26,1),(52,199,'https://firebasestorage.googleapis.com/v0/b/rentx-bb406.appspot.com/o/product-images%2Fcover_1690786338?alt=media&token=bef472b2-52b8-45a4-83b9-b9e4cd69fa99','2023-07-31 06:53:44.703000','frames','Framez',1000,0,199,'https://firebasestorage.googleapis.com/v0/b/rentx-bb406.appspot.com/o/product-images%2Fcover_1690786338?alt=media&token=bef472b2-52b8-45a4-83b9-b9e4cd69fa99','2023-07-31 06:54:10.946000',1,45,1);
/*!40000 ALTER TABLE `product` ENABLE KEYS */;
UNLOCK TABLES;

--
-- Table structure for table `product_image`
--

DROP TABLE IF EXISTS `product_image`;
/*!40101 SET @saved_cs_client     = @@character_set_client */;
/*!50503 SET character_set_client = utf8mb4 */;
CREATE TABLE `product_image` (
  `product_id` int NOT NULL,
  `image1` varchar(255) NOT NULL,
  `image2` varchar(255) DEFAULT NULL,
  `image3` varchar(255) DEFAULT NULL,
  `image4` varchar(255) DEFAULT NULL,
  `status` tinyint NOT NULL,
  PRIMARY KEY (`product_id`),
  CONSTRAINT `FK6oo0cvcdtb6qmwsga468uuukk` FOREIGN KEY (`product_id`) REFERENCES `product` (`id`)
) ENGINE=InnoDB DEFAULT CHARSET=utf8mb4 COLLATE=utf8mb4_0900_ai_ci;
/*!40101 SET character_set_client = @saved_cs_client */;

--
-- Dumping data for table `product_image`
--

LOCK TABLES `product_image` WRITE;
/*!40000 ALTER TABLE `product_image` DISABLE KEYS */;
INSERT INTO `product_image` VALUES (1,'https://firebasestorage.googleapis.com/v0/b/rentx-bb406.appspot.com/o/product-images%2F31PIJcknlCS._SS400_.jpg?alt=media&token=ab23a8ee-6a82-4910-a890-22a123578bc2','https://firebasestorage.googleapis.com/v0/b/rentx-bb406.appspot.com/o/product-images%2F31PIJcknlCS._SS400_.jpg?alt=media&token=ab23a8ee-6a82-4910-a890-22a123578bc2','https://firebasestorage.googleapis.com/v0/b/rentx-bb406.appspot.com/o/product-images%2F31PIJcknlCS._SS400_.jpg?alt=media&token=ab23a8ee-6a82-4910-a890-22a123578bc2','https://firebasestorage.googleapis.com/v0/b/rentx-bb406.appspot.com/o/product-images%2F31PIJcknlCS._SS400_.jpg?alt=media&token=ab23a8ee-6a82-4910-a890-22a123578bc2',0),(2,'https://firebasestorage.googleapis.com/v0/b/rentx-bb406.appspot.com/o/product-images%2F31PIJcknlCS._SS400_.jpg?alt=media&token=ab23a8ee-6a82-4910-a890-22a123578bc2','https://firebasestorage.googleapis.com/v0/b/rentx-bb406.appspot.com/o/product-images%2F31PIJcknlCS._SS400_.jpg?alt=media&token=ab23a8ee-6a82-4910-a890-22a123578bc2','https://firebasestorage.googleapis.com/v0/b/rentx-bb406.appspot.com/o/product-images%2F31PIJcknlCS._SS400_.jpg?alt=media&token=ab23a8ee-6a82-4910-a890-22a123578bc2','https://firebasestorage.googleapis.com/v0/b/rentx-bb406.appspot.com/o/product-images%2F31PIJcknlCS._SS400_.jpg?alt=media&token=ab23a8ee-6a82-4910-a890-22a123578bc2',0),(3,'https://firebasestorage.googleapis.com/v0/b/rentx-bb406.appspot.com/o/product-images%2F31PIJcknlCS._SS400_.jpg?alt=media&token=ab23a8ee-6a82-4910-a890-22a123578bc2','https://firebasestorage.googleapis.com/v0/b/rentx-bb406.appspot.com/o/product-images%2F31PIJcknlCS._SS400_.jpg?alt=media&token=ab23a8ee-6a82-4910-a890-22a123578bc2','https://firebasestorage.googleapis.com/v0/b/rentx-bb406.appspot.com/o/product-images%2F31PIJcknlCS._SS400_.jpg?alt=media&token=ab23a8ee-6a82-4910-a890-22a123578bc2','https://firebasestorage.googleapis.com/v0/b/rentx-bb406.appspot.com/o/product-images%2F31PIJcknlCS._SS400_.jpg?alt=media&token=ab23a8ee-6a82-4910-a890-22a123578bc2',0),(4,'https://firebasestorage.googleapis.com/v0/b/rentx-bb406.appspot.com/o/product-images%2F31PIJcknlCS._SS400_.jpg?alt=media&token=ab23a8ee-6a82-4910-a890-22a123578bc2','https://firebasestorage.googleapis.com/v0/b/rentx-bb406.appspot.com/o/product-images%2F31PIJcknlCS._SS400_.jpg?alt=media&token=ab23a8ee-6a82-4910-a890-22a123578bc2','https://firebasestorage.googleapis.com/v0/b/rentx-bb406.appspot.com/o/product-images%2F31PIJcknlCS._SS400_.jpg?alt=media&token=ab23a8ee-6a82-4910-a890-22a123578bc2','https://firebasestorage.googleapis.com/v0/b/rentx-bb406.appspot.com/o/product-images%2F31PIJcknlCS._SS400_.jpg?alt=media&token=ab23a8ee-6a82-4910-a890-22a123578bc2',0),(5,'https://firebasestorage.googleapis.com/v0/b/rentx-bb406.appspot.com/o/product-images%2F31PIJcknlCS._SS400_.jpg?alt=media&token=ab23a8ee-6a82-4910-a890-22a123578bc2','https://firebasestorage.googleapis.com/v0/b/rentx-bb406.appspot.com/o/product-images%2F31PIJcknlCS._SS400_.jpg?alt=media&token=ab23a8ee-6a82-4910-a890-22a123578bc2','https://firebasestorage.googleapis.com/v0/b/rentx-bb406.appspot.com/o/product-images%2F31PIJcknlCS._SS400_.jpg?alt=media&token=ab23a8ee-6a82-4910-a890-22a123578bc2','https://firebasestorage.googleapis.com/v0/b/rentx-bb406.appspot.com/o/product-images%2F31PIJcknlCS._SS400_.jpg?alt=media&token=ab23a8ee-6a82-4910-a890-22a123578bc2',0),(6,'https://firebasestorage.googleapis.com/v0/b/rentx-bb406.appspot.com/o/product-images%2F31PIJcknlCS._SS400_.jpg?alt=media&token=ab23a8ee-6a82-4910-a890-22a123578bc2','https://firebasestorage.googleapis.com/v0/b/rentx-bb406.appspot.com/o/product-images%2F31PIJcknlCS._SS400_.jpg?alt=media&token=ab23a8ee-6a82-4910-a890-22a123578bc2','https://firebasestorage.googleapis.com/v0/b/rentx-bb406.appspot.com/o/product-images%2F31PIJcknlCS._SS400_.jpg?alt=media&token=ab23a8ee-6a82-4910-a890-22a123578bc2','https://firebasestorage.googleapis.com/v0/b/rentx-bb406.appspot.com/o/product-images%2F31PIJcknlCS._SS400_.jpg?alt=media&token=ab23a8ee-6a82-4910-a890-22a123578bc2',0),(7,'https://firebasestorage.googleapis.com/v0/b/rentx-bb406.appspot.com/o/product-images%2F31PIJcknlCS._SS400_.jpg?alt=media&token=ab23a8ee-6a82-4910-a890-22a123578bc2','https://firebasestorage.googleapis.com/v0/b/rentx-bb406.appspot.com/o/product-images%2F31PIJcknlCS._SS400_.jpg?alt=media&token=ab23a8ee-6a82-4910-a890-22a123578bc2','https://firebasestorage.googleapis.com/v0/b/rentx-bb406.appspot.com/o/product-images%2F31PIJcknlCS._SS400_.jpg?alt=media&token=ab23a8ee-6a82-4910-a890-22a123578bc2','https://firebasestorage.googleapis.com/v0/b/rentx-bb406.appspot.com/o/product-images%2F31PIJcknlCS._SS400_.jpg?alt=media&token=ab23a8ee-6a82-4910-a890-22a123578bc2',0),(8,'https://firebasestorage.googleapis.com/v0/b/rentx-bb406.appspot.com/o/product-images%2F31PIJcknlCS._SS400_.jpg?alt=media&token=ab23a8ee-6a82-4910-a890-22a123578bc2','https://firebasestorage.googleapis.com/v0/b/rentx-bb406.appspot.com/o/product-images%2F31PIJcknlCS._SS400_.jpg?alt=media&token=ab23a8ee-6a82-4910-a890-22a123578bc2','https://firebasestorage.googleapis.com/v0/b/rentx-bb406.appspot.com/o/product-images%2F31PIJcknlCS._SS400_.jpg?alt=media&token=ab23a8ee-6a82-4910-a890-22a123578bc2','https://firebasestorage.googleapis.com/v0/b/rentx-bb406.appspot.com/o/product-images%2F31PIJcknlCS._SS400_.jpg?alt=media&token=ab23a8ee-6a82-4910-a890-22a123578bc2',0),(9,'https://firebasestorage.googleapis.com/v0/b/rentx-bb406.appspot.com/o/product-images%2F31PIJcknlCS._SS400_.jpg?alt=media&token=ab23a8ee-6a82-4910-a890-22a123578bc2','https://firebasestorage.googleapis.com/v0/b/rentx-bb406.appspot.com/o/product-images%2F31PIJcknlCS._SS400_.jpg?alt=media&token=ab23a8ee-6a82-4910-a890-22a123578bc2','https://firebasestorage.googleapis.com/v0/b/rentx-bb406.appspot.com/o/product-images%2F31PIJcknlCS._SS400_.jpg?alt=media&token=ab23a8ee-6a82-4910-a890-22a123578bc2','https://firebasestorage.googleapis.com/v0/b/rentx-bb406.appspot.com/o/product-images%2F31PIJcknlCS._SS400_.jpg?alt=media&token=ab23a8ee-6a82-4910-a890-22a123578bc2',0),(10,'https://firebasestorage.googleapis.com/v0/b/rentx-bb406.appspot.com/o/product-images%2F31PIJcknlCS._SS400_.jpg?alt=media&token=ab23a8ee-6a82-4910-a890-22a123578bc2','https://firebasestorage.googleapis.com/v0/b/rentx-bb406.appspot.com/o/product-images%2F31PIJcknlCS._SS400_.jpg?alt=media&token=ab23a8ee-6a82-4910-a890-22a123578bc2','https://firebasestorage.googleapis.com/v0/b/rentx-bb406.appspot.com/o/product-images%2F31PIJcknlCS._SS400_.jpg?alt=media&token=ab23a8ee-6a82-4910-a890-22a123578bc2','https://firebasestorage.googleapis.com/v0/b/rentx-bb406.appspot.com/o/product-images%2F31PIJcknlCS._SS400_.jpg?alt=media&token=ab23a8ee-6a82-4910-a890-22a123578bc2',0),(11,'https://firebasestorage.googleapis.com/v0/b/rentx-bb406.appspot.com/o/product-images%2F31PIJcknlCS._SS400_.jpg?alt=media&token=ab23a8ee-6a82-4910-a890-22a123578bc2','https://firebasestorage.googleapis.com/v0/b/rentx-bb406.appspot.com/o/product-images%2F31PIJcknlCS._SS400_.jpg?alt=media&token=ab23a8ee-6a82-4910-a890-22a123578bc2','https://firebasestorage.googleapis.com/v0/b/rentx-bb406.appspot.com/o/product-images%2F31PIJcknlCS._SS400_.jpg?alt=media&token=ab23a8ee-6a82-4910-a890-22a123578bc2','https://firebasestorage.googleapis.com/v0/b/rentx-bb406.appspot.com/o/product-images%2F31PIJcknlCS._SS400_.jpg?alt=media&token=ab23a8ee-6a82-4910-a890-22a123578bc2',0),(12,'https://firebasestorage.googleapis.com/v0/b/rentx-bb406.appspot.com/o/product-images%2F31PIJcknlCS._SS400_.jpg?alt=media&token=ab23a8ee-6a82-4910-a890-22a123578bc2','https://firebasestorage.googleapis.com/v0/b/rentx-bb406.appspot.com/o/product-images%2F31PIJcknlCS._SS400_.jpg?alt=media&token=ab23a8ee-6a82-4910-a890-22a123578bc2','https://firebasestorage.googleapis.com/v0/b/rentx-bb406.appspot.com/o/product-images%2F31PIJcknlCS._SS400_.jpg?alt=media&token=ab23a8ee-6a82-4910-a890-22a123578bc2','https://firebasestorage.googleapis.com/v0/b/rentx-bb406.appspot.com/o/product-images%2F31PIJcknlCS._SS400_.jpg?alt=media&token=ab23a8ee-6a82-4910-a890-22a123578bc2',0),(13,'https://firebasestorage.googleapis.com/v0/b/rentx-bb406.appspot.com/o/product-images%2F31PIJcknlCS._SS400_.jpg?alt=media&token=ab23a8ee-6a82-4910-a890-22a123578bc2','https://firebasestorage.googleapis.com/v0/b/rentx-bb406.appspot.com/o/product-images%2F31PIJcknlCS._SS400_.jpg?alt=media&token=ab23a8ee-6a82-4910-a890-22a123578bc2','https://firebasestorage.googleapis.com/v0/b/rentx-bb406.appspot.com/o/product-images%2F31PIJcknlCS._SS400_.jpg?alt=media&token=ab23a8ee-6a82-4910-a890-22a123578bc2','https://firebasestorage.googleapis.com/v0/b/rentx-bb406.appspot.com/o/product-images%2F31PIJcknlCS._SS400_.jpg?alt=media&token=ab23a8ee-6a82-4910-a890-22a123578bc2',0),(18,'https://firebasestorage.googleapis.com/v0/b/rentx-bb406.appspot.com/o/product-images%2F31PIJcknlCS._SS400_.jpg?alt=media&token=ab23a8ee-6a82-4910-a890-22a123578bc2','https://firebasestorage.googleapis.com/v0/b/rentx-bb406.appspot.com/o/product-images%2F31PIJcknlCS._SS400_.jpg?alt=media&token=ab23a8ee-6a82-4910-a890-22a123578bc2','https://firebasestorage.googleapis.com/v0/b/rentx-bb406.appspot.com/o/product-images%2F31PIJcknlCS._SS400_.jpg?alt=media&token=ab23a8ee-6a82-4910-a890-22a123578bc2','https://firebasestorage.googleapis.com/v0/b/rentx-bb406.appspot.com/o/product-images%2F31PIJcknlCS._SS400_.jpg?alt=media&token=ab23a8ee-6a82-4910-a890-22a123578bc2',0),(19,'https://firebasestorage.googleapis.com/v0/b/rentx-bb406.appspot.com/o/product-images%2F31PIJcknlCS._SS400_.jpg?alt=media&token=ab23a8ee-6a82-4910-a890-22a123578bc2','https://firebasestorage.googleapis.com/v0/b/rentx-bb406.appspot.com/o/product-images%2F31PIJcknlCS._SS400_.jpg?alt=media&token=ab23a8ee-6a82-4910-a890-22a123578bc2','https://firebasestorage.googleapis.com/v0/b/rentx-bb406.appspot.com/o/product-images%2F31PIJcknlCS._SS400_.jpg?alt=media&token=ab23a8ee-6a82-4910-a890-22a123578bc2','https://firebasestorage.googleapis.com/v0/b/rentx-bb406.appspot.com/o/product-images%2F31PIJcknlCS._SS400_.jpg?alt=media&token=ab23a8ee-6a82-4910-a890-22a123578bc2',0),(33,'123456789101112131415161718192021222324252627282930313233343536373839404142434445464748495051525354512345678910111213141516171819202122232425262728293031323334353637383940414243444546474849505152535450313233343536373839404142434445464748495051525354511111','https://firebasestorage.googleapis.com/v0/b/rentx-bb406.appspot.com/o/product-images%2F31PIJcknlCS._SS400_.jpg?alt=media&token=ab23a8ee-6a82-4910-a890-22a123578bc2','https://firebasestorage.googleapis.com/v0/b/rentx-bb406.appspot.com/o/product-images%2F31PIJcknlCS._SS400_.jpg?alt=media&token=ab23a8ee-6a82-4910-a890-22a123578bc2','https://firebasestorage.googleapis.com/v0/b/rentx-bb406.appspot.com/o/product-images%2F31PIJcknlCS._SS400_.jpg?alt=media&token=ab23a8ee-6a82-4910-a890-22a123578bc2',0),(41,'https://firebasestorage.googleapis.com/v0/b/rentx-bb406.appspot.com/o/product-images%2F16893396620%2CtestProduct?alt=media&token=41f26ec9-184d-4680-b253-30749c2f3d37',NULL,NULL,NULL,0),(43,'https://firebasestorage.googleapis.com/v0/b/rentx-bb406.appspot.com/o/product-images%2F16895996460%2Ckk%20product?alt=media&token=79c82716-5e58-46c0-a3b6-a4b512a355c3',NULL,NULL,NULL,0),(44,'https://firebasestorage.googleapis.com/v0/b/rentx-bb406.appspot.com/o/product-images%2F16896604780%2Cchair?alt=media&token=51cf85e5-44a1-4d1a-9ec2-f906396c2b26',NULL,NULL,NULL,0),(45,'https://firebasestorage.googleapis.com/v0/b/rentx-bb406.appspot.com/o/product-images%2F16896695180%2CkOCHIN%20PRODUCT?alt=media&token=b909c219-36fc-4219-aae2-6ff9b21cc156','https://firebasestorage.googleapis.com/v0/b/rentx-bb406.appspot.com/o/product-images%2F16896695182%2CkOCHIN%20PRODUCT?alt=media&token=c4fa1180-9082-4cb2-95d0-ac1be6530343','https://firebasestorage.googleapis.com/v0/b/rentx-bb406.appspot.com/o/product-images%2F16896695181%2CkOCHIN%20PRODUCT?alt=media&token=4dc5434f-6e82-42ea-8ed9-42570a430b9d',NULL,0),(46,'https://firebasestorage.googleapis.com/v0/b/rentx-bb406.appspot.com/o/product-images%2F16896699780%2Cchennai?alt=media&token=e7bf7cd0-ddea-4a80-9cb5-2052153a58ac',NULL,NULL,NULL,2),(47,'Ima','Imag','Image','Image-4',0),(50,'https://firebasestorage.googleapis.com/v0/b/rentx-bb406.appspot.com/o/product-images%2F16902598910%2Cmy%20product?alt=media&token=70790803-037c-4220-b926-5f41d55ead9a',NULL,NULL,NULL,0),(51,'https://firebasestorage.googleapis.com/v0/b/rentx-bb406.appspot.com/o/product-images%2F16905193960%2CChennai%20product%201?alt=media&token=498f7466-41ed-4f8b-af9b-e66daa9d4572',NULL,NULL,NULL,0),(52,'https://firebasestorage.googleapis.com/v0/b/rentx-bb406.appspot.com/o/product-images%2F16907863380%2CFramez?alt=media&token=b687e7ad-8aca-4bd3-924b-8a33708b063c','https://firebasestorage.googleapis.com/v0/b/rentx-bb406.appspot.com/o/product-images%2F16907863383%2CFramez?alt=media&token=7ae2f32d-11a8-4418-8583-a17819b3d704','https://firebasestorage.googleapis.com/v0/b/rentx-bb406.appspot.com/o/product-images%2F16907863381%2CFramez?alt=media&token=85122341-b8cc-45e1-adcd-d01914deed06','https://firebasestorage.googleapis.com/v0/b/rentx-bb406.appspot.com/o/product-images%2F16907863382%2CFramez?alt=media&token=d71ce9f8-9118-45b8-8590-8a5bf47ef5b8',0);
/*!40000 ALTER TABLE `product_image` ENABLE KEYS */;
UNLOCK TABLES;

--
-- Table structure for table `product_specification`
--

DROP TABLE IF EXISTS `product_specification`;
/*!40101 SET @saved_cs_client     = @@character_set_client */;
/*!50503 SET character_set_client = utf8mb4 */;
CREATE TABLE `product_specification` (
  `product_id` int NOT NULL,
  `spec_value` varchar(255) DEFAULT NULL,
  `spec_key` varchar(255) NOT NULL,
  PRIMARY KEY (`product_id`,`spec_key`),
  CONSTRAINT `FKjk3nq9o6i8anej70mx7bkiyxc` FOREIGN KEY (`product_id`) REFERENCES `product` (`id`)
) ENGINE=InnoDB DEFAULT CHARSET=utf8mb4 COLLATE=utf8mb4_0900_ai_ci;
/*!40101 SET character_set_client = @saved_cs_client */;

--
-- Dumping data for table `product_specification`
--

LOCK TABLES `product_specification` WRITE;
/*!40000 ALTER TABLE `product_specification` DISABLE KEYS */;
INSERT INTO `product_specification` VALUES (1,'value','key'),(1,'val2','key1'),(1,'vall4','key3'),(1,'vall','key5'),(1,'vall','key6'),(2,'value','key'),(2,'val2','key1'),(2,'vall4','key3'),(2,'vall','key5'),(2,'vall','key6'),(3,'value','key'),(3,'val2','key1'),(3,'vall4','key3'),(3,'vall','key5'),(3,'vall','key6'),(4,'value','key'),(4,'val2','key1'),(4,'vall4','key3'),(4,'vall','key5'),(4,'vall','key6'),(5,'value','key'),(5,'val2','key1'),(5,'vall4','key3'),(5,'vall','key5'),(5,'vall','key6'),(6,'value','key'),(6,'val2','key1'),(6,'vall4','key3'),(6,'vall','key5'),(6,'vall','key6'),(7,'value','key'),(7,'val2','key1'),(7,'vall4','key3'),(7,'vall','key5'),(7,'vall','key6'),(8,'value','key'),(8,'val2','key1'),(8,'vall4','key3'),(8,'vall','key5'),(8,'vall','key6'),(9,'value','key'),(9,'val2','key1'),(9,'vall4','key3'),(9,'vall','key5'),(9,'vall','key6'),(10,'value','key'),(10,'val2','key1'),(10,'vall4','key3'),(10,'vall','key5'),(10,'vall','key6'),(11,'value','key'),(11,'val2','key1'),(11,'vall4','key3'),(11,'vall','key5'),(11,'vall','key6'),(12,'value','key'),(12,'val2','key1'),(12,'vall4','key3'),(12,'vall','key5'),(12,'vall','key6'),(13,'value','key'),(13,'val2','key1'),(13,'vall4','key3'),(13,'vall','key5'),(13,'vall','key6'),(14,'value','key'),(14,'val2','key1'),(14,'vall4','key3'),(14,'vall','key5'),(14,'vall','key6'),(15,'value','key'),(15,'val2','key1'),(15,'vall4','key3'),(15,'vall','key5'),(15,'vall','key6'),(16,'value','key'),(16,'val2','key1'),(16,'vall4','key3'),(16,'vall','key5'),(16,'vall','key6'),(17,'value','key'),(17,'val2','key1'),(17,'vall4','key3'),(17,'vall','key5'),(17,'vall','key6'),(18,'value','key'),(18,'val2','key1'),(18,'vall4','key3'),(18,'vall','key5'),(18,'vall','key6'),(19,'value','key'),(19,'val2','key1'),(19,'vall4','key3'),(19,'vall','key5'),(19,'vall','key6'),(20,'111','sasasasasasasasasasasa'),(21,'111','osasasasasasasasasas'),(22,'111','osasasasasaas'),(22,'111','osasasasasaas1'),(22,'111','osasasasasaas2'),(22,'111','osasasasasaas3'),(22,'111','osasasasasaas4'),(22,'111','osasasasasaas5'),(22,'111','osasasasasaas6'),(22,'111','osasasasasaas7'),(22,'111','osasasasasaas8'),(22,'111','osasasasasaas9'),(23,'111','osasasasasaas'),(23,'111','osasasasasaas1'),(23,'111','osasasasasaas2'),(23,'111','osasasasasaas3'),(23,'111','osasasasasaas4'),(23,'111','osasasasasaas5'),(23,'111','osasasasasaas6'),(23,'111','osasasasasaas7'),(23,'111','osasasasasaas8'),(23,'111','osasasasasaas9'),(23,'111','osasasasasafas9'),(24,'111','osasasasasaas'),(24,'111','osasasasasaas1'),(24,'111','osasasasasaas2'),(24,'111','osasasasasaas3'),(24,'111','osasasasasaas4'),(24,'111','osasasasasaas5'),(24,'111','osasasasasaas6'),(24,'111','osasasasasaas7'),(24,'111','osasasasasaas8'),(24,'111','osasasasasaas88'),(24,'111','osasasasasaas9'),(24,'111','osasasasasaas98'),(24,'111','osasasasasafas9'),(24,'111','osasasasasafas988'),(25,'111','osasasasasaas'),(25,'111','osasasasasaas1'),(25,'111','osasasasasaas2'),(25,'111','osasasasasaas3'),(25,'111','osasasasasaas4'),(25,'111','osasasasasaas5'),(25,'111','osasasasasaas6'),(25,'111','osasasasasaas7'),(25,'111','osasasasasaas8'),(25,'111','osasasasasaas88'),(25,'111','osasasasasaas9'),(25,'111','osasasasasaas98'),(25,'111','osasasasasafas9'),(25,'111','osasasasasafas988'),(26,'111','osasasasasaas'),(26,'111','osasasasasaas1'),(26,'111','osasasasasaas2'),(26,'111','osasasasasaas3'),(26,'111','osasasasasaas4'),(26,'111','osasasasasaas5'),(26,'111','osasasasasaas6'),(26,'111','osasasasasaas7'),(26,'111','osasasasasaas8'),(26,'111','osasasasasaas88'),(26,'111','osasasasasaas9'),(26,'111','osasasasasaas98'),(26,'111','osasasasasafas9'),(26,'111','osasasasasafas988'),(27,'11121212121212121212','osasasasasaas'),(27,'111','osasasasasaas1'),(27,'111','osasasasasaas2'),(27,'111','osasasasasaas3'),(27,'111','osasasasasaas4'),(27,'111','osasasasasaas5'),(27,'111','osasasasasaas6'),(27,'111','osasasasasaas7'),(27,'111','osasasasasaas8'),(27,'111','osasasasasaas9'),(28,'11121212121212121212','osasasasasaas'),(28,'111','osasasasasaas1'),(28,'111','osasasasasaas2'),(28,'111','osasasasasaas3'),(28,'111','osasasasasaas4'),(28,'111','osasasasasaas5'),(28,'111','osasasasasaas6'),(28,'111','osasasasasaas7'),(28,'111','osasasasasaas8'),(28,'17775656565665565656','osasasasasaas9'),(29,'11121212121212121212','osasasasasaas'),(29,'111','osasasasasaas1'),(29,'111','osasasasasaas2'),(29,'111','osasasasasaas3'),(29,'111','osasasasasaas4'),(29,'111','osasasasasaas5'),(29,'111','osasasasasaas6'),(29,'111','osasasasasaas7'),(29,'111','osasasasasaas8'),(29,'17775656565665565656','osasasasasaas9'),(30,'11121212121212121212','osasasasasaas'),(30,'111','osasasasasaas1'),(30,'111','osasasasasaas2'),(30,'111','osasasasasaas3'),(30,'111','osasasasasaas4'),(30,'111','osasasasasaas5'),(30,'111','osasasasasaas6'),(30,'111','osasasasasaas7'),(30,'111','osasasasasaas8'),(30,'17775656565665565656','osasasasasaas9'),(31,'11121212121212121212','osasasasasaas'),(31,'111','osasasasasaas1'),(31,'111','osasasasasaas2'),(31,'111','osasasasasaas3'),(31,'111','osasasasasaas4'),(31,'111','osasasasasaas5'),(31,'111','osasasasasaas6'),(31,'111','osasasasasaas7'),(31,'111','osasasasasaas8'),(31,'17775656565665565656','osasasasasaas9'),(32,'11121212121212121212','osasasasasaas'),(32,'111','osasasasasaas1'),(32,'111','osasasasasaas2'),(32,'111','osasasasasaas3'),(32,'111','osasasasasaas4'),(32,'111','osasasasasaas5'),(32,'111','osasasasasaas6'),(32,'111','osasasasasaas7'),(32,'111','osasasasasaas8'),(32,'17775656565665565656','osasasasasaas9'),(33,'11121212121212121212','osasasasasaas'),(33,'111','osasasasasaas1'),(33,'111','osasasasasaas2'),(33,'111','osasasasasaas3'),(33,'111','osasasasasaas4'),(33,'111','osasasasasaas5'),(33,'111','osasasasasaas6'),(33,'111','osasasasasaas7'),(33,'111','osasasasasaas8'),(33,'17775656565665565656','osasasasasaas9'),(34,'11121212121212121212','osasasasasaas'),(34,'111','osasasasasaas1'),(34,'111','osasasasasaas2'),(34,'111','osasasasasaas3'),(34,'111','osasasasasaas4'),(34,'111','osasasasasaas5'),(34,'111','osasasasasaas6'),(34,'111','osasasasasaas7'),(34,'111','osasasasasaas8'),(34,'17775656565665565656','osasasasasaas9'),(35,'11121212121212121212','osasasasasaas'),(35,'111','osasasasasaas1'),(35,'111','osasasasasaas2'),(35,'111','osasasasasaas3'),(35,'111','osasasasasaas4'),(35,'111','osasasasasaas5'),(35,'111','osasasasasaas6'),(35,'111','osasasasasaas7'),(35,'111','osasasasasaas8'),(35,'17775656565665565656','osasasasasaas9'),(36,'11121212121212121212','osasasasasaas'),(36,'111','osasasasasaas1'),(36,'111','osasasasasaas2'),(36,'111','osasasasasaas3'),(36,'111','osasasasasaas4'),(36,'111','osasasasasaas5'),(36,'111','osasasasasaas6'),(36,'111','osasasasasaas7'),(36,'111','osasasasasaas8'),(36,'17775656565665565656','osasasasasaas9'),(37,'11121212121212121212','osasasasasaas'),(37,'111','osasasasasaas1'),(37,'111','osasasasasaas2'),(37,'111','osasasasasaas3'),(37,'111','osasasasasaas4'),(37,'111','osasasasasaas5'),(37,'111','osasasasasaas6'),(37,'111','osasasasasaas7'),(37,'111','osasasasasaas8'),(37,'17775656565665565656','osasasasasaas9'),(38,'11121212121212121212','osasasasasaas'),(38,'111','osasasasasaas1'),(38,'111','osasasasasaas2'),(38,'111','osasasasasaas3'),(38,'111','osasasasasaas4'),(38,'111','osasasasasaas5'),(38,'111','osasasasasaas6'),(38,'111','osasasasasaas7'),(38,'111','osasasasasaas8'),(38,'17775656565665565656','osasasasasaas9'),(39,'11121212121212121212','osasasasasaas'),(39,'111','osasasasasaas1'),(39,'111','osasasasasaas2'),(39,'111','osasasasasaas3'),(39,'111','osasasasasaas4'),(39,'111','osasasasasaas5'),(39,'111','osasasasasaas6'),(39,'111','osasasasasaas7'),(39,'111','osasasasasaas8'),(39,'17775656565665565656','osasasasasaas9'),(40,'11121212121212121212','osasasasasaas'),(40,'111','osasasasasaas1'),(40,'111','osasasasasaas2'),(40,'111','osasasasasaas3'),(40,'111','osasasasasaas4'),(40,'111','osasasasasaas5'),(40,'111','osasasasasaas6'),(40,'111','osasasasasaas7'),(40,'111','osasasasasaas8'),(40,'17775656565665565656','osasasasasaas9'),(41,'353','age'),(41,'eee','colour'),(41,'EEDDSS33','model'),(41,'555','weight'),(42,'1112121212','osasasasasaas'),(42,'999','osasasasasaas1'),(43,'353','age'),(43,'eee','colour'),(43,'EEDDSS33','model'),(43,'555','weight'),(44,'353','age'),(44,'eee','colour'),(44,'EEDDSS33','model'),(44,'555','weight'),(45,'RED','COLOR'),(46,'red','colorR'),(47,'1112121212','osasasasasaas'),(47,'999','osasasasasaas1'),(48,'1112121212','osasasasasaas'),(48,'999','osasasasasaas1'),(49,'1112121212','osasasasasaas'),(49,'999','osasasasasaas1'),(50,'red','color'),(51,'Brown','color'),(52,'white','color');
/*!40000 ALTER TABLE `product_specification` ENABLE KEYS */;
UNLOCK TABLES;

--
-- Table structure for table `store_table`
--

DROP TABLE IF EXISTS `store_table`;
/*!40101 SET @saved_cs_client     = @@character_set_client */;
/*!50503 SET character_set_client = utf8mb4 */;
CREATE TABLE `store_table` (
  `id` int NOT NULL AUTO_INCREMENT,
  `building_name` varchar(255) DEFAULT NULL,
  `city` varchar(255) DEFAULT NULL,
  `created_at` datetime(6) DEFAULT NULL,
  `lattitude` varchar(255) DEFAULT NULL,
  `longitude` varchar(255) DEFAULT NULL,
  `mobile` varchar(255) DEFAULT NULL,
  `name` varchar(255) DEFAULT NULL,
  `pincode` varchar(255) DEFAULT NULL,
  `district` varchar(255) DEFAULT NULL,
  `state` varchar(255) DEFAULT NULL,
  `status` tinyint NOT NULL,
  `updated_at` datetime(6) DEFAULT NULL,
  `user_id` int DEFAULT NULL,
  `country` varchar(20) DEFAULT NULL,
  PRIMARY KEY (`id`),
  KEY `FK981m4vv4q67bxu8op85w27coe` (`user_id`),
  CONSTRAINT `FK981m4vv4q67bxu8op85w27coe` FOREIGN KEY (`user_id`) REFERENCES `user_table` (`id`)
) ENGINE=InnoDB AUTO_INCREMENT=47 DEFAULT CHARSET=utf8mb4 COLLATE=utf8mb4_0900_ai_ci;
/*!40101 SET character_set_client = @saved_cs_client */;

--
-- Dumping data for table `store_table`
--

LOCK TABLES `store_table` WRITE;
/*!40000 ALTER TABLE `store_table` DISABLE KEYS */;
INSERT INTO `store_table` VALUES (1,'kottayam kada','Kottayam','2023-05-26 04:36:11.055000','9.591564','76.52216','009988776655','Neg Store','685565','aaaaa','abcdefg',0,'2023-05-26 04:36:11.055000',62,NULL),(2,'aaaaa','palarivattom','2023-05-26 04:47:53.123000','9.9823','76.3076','009988776655','Neg Store2','685565','bbbbb','abcdefg',0,'2023-05-26 04:47:53.123000',59,NULL),(3,'Neg Adulex Complex','Kakkanad','2023-06-01 10:08:35.365000','10.0075','76.3500','9988776655','Kakkanad stores','685565','Ernakulam','kerala',3,'2023-06-01 10:08:35.365000',68,'India'),(4,'Neg Adulex Complex','Kakkanad','2023-06-01 10:40:20.005000','10.0075','76.3500','9988776655','neg stores','685565','Ernakulam','kerala',3,'2023-06-01 10:40:20.005000',68,'India'),(5,'aaaaa','angamaly','2023-06-26 07:33:08.843000','10.1904','76.3868','009988776655','Storezi 2','685565','bbbbb','kerala',3,'2023-06-26 07:33:08.843000',68,NULL),(6,'Neg Adulex Complex','Kakkanad','2023-07-04 05:04:19.301000','10.0075','76.3500','9988776655','neg stores','685565','Ernakulam','kerala',3,'2023-07-04 05:04:19.301000',68,'India'),(7,'aaaaa','abcdefg','2023-07-07 04:39:37.795000','122112','121212','009988776655','new storez1','685565','bbbbb','kerala',3,'2023-07-07 04:39:37.795000',68,'UUU'),(8,'saaaaaas','Kozhikode','2023-07-07 04:40:31.416000','11.245056','75.775472','121212121212','kozhikkode Stores','121212','Kozhikode','Kerala',3,'2023-07-07 04:40:31.416000',68,'India'),(9,'sddssdsas','Munnar','2023-07-07 04:41:13.628000','10.086996','77.060091','1212122112','Munnar store','12121212','Idukki','Kerala',3,'2023-07-07 04:41:13.628000',68,'India'),(10,'dsdsds','Thiruvananthapuram','2023-07-07 04:43:36.068000','8.524112','76.936057','2323232323','tvm store','233233','Thiruvananthapuram','Kerala',3,'2023-07-07 04:43:36.068000',68,'India'),(11,'aaaaa','abcdefg','2023-07-07 09:23:16.403000','122112','121212','009988776655','kollam store','685565','bbbbb','kerala',3,'2023-07-07 09:23:16.403000',68,'bbbbb'),(12,'aaaaa','abcdefg','2023-07-07 10:44:34.392000','122112','121212','009988776655','Storezi 3','685565','bbbbb','kerala',3,'2023-07-07 10:44:34.392000',68,'bbbbb'),(13,'aaaaa','abcdefg','2023-07-07 12:05:42.478000','187112','121212','009988776655','Storezi 3','685565','bbbbb','kerala',3,'2023-07-07 12:05:42.478000',68,'bbbbb'),(14,'aaaaa','kollam','2023-07-12 06:10:06.689000','122112','121212','1122334455','Test Store','776677','bbbbb','kerala',3,'2023-07-12 06:10:06.689000',68,'UUU'),(15,'aaaaa','abcdefg','2023-07-17 06:13:14.091000','122112','121212','009988776655','new storez1','685565','bbbbb','kerala',3,'2023-07-17 06:13:14.091000',68,'bbbbb'),(16,'ahahah','Kochi','2023-07-18 08:34:28.810000','9.93137','76.267376','9090909090','kochi store','898989','Ernakulam','Kerala',0,'2023-07-18 08:34:28.810000',28,'India'),(17,'aaa','Aluva','2023-07-18 08:34:55.674000','10.100414','76.356986','2323232323','aluva store','767676','Ernakulam','Kerala',0,'2023-07-18 08:34:55.674000',28,'India'),(18,'hhgghg','Thodupuzha','2023-07-18 08:35:20.305000','9.896905','76.711395','8778787878','thodupuzha Kada','765676','Idukki','Kerala',0,'2023-07-18 08:35:20.305000',28,'India'),(19,'hjgikuv','Alappuzha','2023-07-18 08:35:50.170000','9.498','76.333482','90090909090','alappuzha kada','89898989','Alappuzha','Kerala',0,'2023-07-18 08:35:50.170000',28,'India'),(20,'vghkjv','Thrissur','2023-07-18 08:36:14.322000','10.525626','76.213254','7878787878','trissur kada','787878','Thrissur','Kerala',0,'2023-07-18 08:36:14.322000',28,'India'),(21,'kjhkuhbg','Kannur','2023-07-18 08:36:33.466000','11.876225','75.373804','9090909009','kannur store','909090','Kannur','Kerala',0,'2023-07-18 08:36:33.466000',28,'India'),(22,'lhjbyubh78','Kashipur','2023-07-18 08:37:26.550000','29.211757','78.961731','767676767676','kasargod kada','767676','Udham Singh Nagar','Uttarakhand',0,'2023-07-18 08:37:26.550000',28,'India'),(23,'ASDFSC','Madurai','2023-07-18 08:38:00.989000','9.926115','78.114098','232323231212','Madurai stores909090','121212','Madurai','Tamil Nadu',0,'2023-07-18 08:38:00.989000',28,'India'),(24,'KHVGKJVGJVG','Kollam','2023-07-18 08:38:19.852000','8.887951','76.595501','8989898989','CHENNAI STORES','767676','Chennai','Tamil Nadu',0,'2023-07-18 08:38:19.852000',28,'India'),(25,'Aswin complex','Madurai','2023-07-19 04:16:55.780000','9.926115','78.114098','8989898989','Madurai STORESz','323223','Chennai','Tamil Nadu',0,'2023-07-19 04:16:55.780000',28,'India'),(26,'KHVGKJVGJVGd','Kollam','2023-07-19 04:18:02.768000','8.887951','76.595501','9087654456','CHENNAI STORESz','545454','Kollam','Kerala',0,'2023-07-19 04:18:02.768000',28,'India'),(27,'aaaaa','Ernakulam','2023-07-20 07:30:28.569000','9.98408','76.274146','9061409858','Test1','776977','Ernakulam','kerala',3,'2023-07-20 07:30:28.569000',68,'India'),(28,'aaaaa','Ernakulam','2023-07-20 07:30:35.788000','9.98408','76.274146','9061409858','Test2','776977','Ernakulam','kerala',3,'2023-07-20 07:30:35.788000',68,'India'),(29,'aaaaa','Ernakulam','2023-07-20 07:30:39.292000','9.98408','76.274146','9061409858','Test3','776977','Ernakulam','kerala',3,'2023-07-20 07:30:39.292000',68,'India'),(30,'addffd','Kochi','2023-07-20 12:38:11.344000','9.93137','76.267376','1212122112','zzz','434343','Ernakulam','Kerala',3,'2023-07-20 12:38:11.344000',68,'India'),(31,'efvd','Kolkata','2023-07-20 12:38:36.202000','22.572672','88.363881','2323232323','zz1','767676','Kolkata','West Bengal',3,'2023-07-20 12:38:36.202000',68,'India'),(32,'455454','Bhubaneswar','2023-07-20 12:39:01.360000','20.260296','85.839452','434343434343','yyyy','545454','Khordha','Odisha',3,'2023-07-20 12:39:01.360000',68,'India'),(33,'777777','Harishchandrapur','2023-07-20 12:44:56.648000','25.418085','87.880775','121212121212','ZZZ','777777','Malda','West Bengal',3,'2023-07-20 12:44:56.648000',68,'India'),(34,'1121212','Kanpur','2023-07-21 04:12:22.150000','26.460914','80.321759','2323232323','zzz','1212121','Kanpur Nagar','Uttar Pradesh',3,'2023-07-21 04:12:22.150000',68,'India'),(35,'909090','Nindra','2023-07-21 04:23:00.405000','13.381629','79.707802','9090909090','Zyz','909090','Chittoor','Andhra Pradesh',3,'2023-07-21 04:23:00.405000',68,'India'),(36,'1111','Lakhimpur','2023-07-21 04:29:27.795000','27.946309','80.781517','121212121212','zzz1','123456','Lakhimpur Kheri','Uttar Pradesh',3,'2023-07-21 04:29:27.795000',68,'India'),(37,'9009','Haridwar','2023-07-21 04:33:28.081000','29.938447','78.145298','90909090909','z11','909090','Haridwar','Uttarakhand',3,'2023-07-21 04:33:28.081000',68,'India'),(38,'909090','Kedarnath','2023-07-21 04:33:46.320000','30.734561','79.06732','9990909090','zz2','909090','Rudraprayag','Uttarakhand',3,'2023-07-21 04:33:46.320000',68,'India'),(39,'21121212','Dehradun','2023-07-21 04:34:37.684000','30.325565','78.043681','8921916749','z23','121212','Dehradun','Uttarakhand',3,'2023-07-21 04:34:37.684000',68,'India'),(40,'1111','Uttarpara Kotrung','2023-07-21 04:38:19.399000','22.684713','88.34384','1212122112','z24','121212','Hooghly','West Bengal',3,'2023-07-21 04:38:19.399000',68,'India'),(41,'1111','Jaipur','2023-07-21 08:51:40.062000','26.915458','75.818982','1212122112','Zwww','121212','Jaipur','Rajasthan',3,'2023-07-21 08:51:40.062000',68,'India'),(42,'FFFFFFFF','Kannur','2023-07-21 08:53:21.861000','11.876225','75.373804','9999999999','zzz','12211212','Kannur','Kerala',3,'2023-07-21 08:53:21.861000',68,'India'),(43,'aaaaa','Ernakulam','2023-07-21 08:54:56.620000','9.98408','76.274146','9061409858','Test5','776977','Ernakulam','kerala',3,'2023-07-21 08:54:56.620000',68,'India'),(44,'aaaaa','Ernakulam','2023-07-26 04:37:21.253000','9.98408','76.274146','9061409858','Test4','776977','Ernakulam','kerala',3,'2023-07-26 04:37:21.253000',68,'India'),(45,'klhjblbh','Lonavala','2023-07-26 08:42:47.840000','18.754856','73.401673','1212122112','Store 1 *','787878','Pune','Maharashtra',0,'2023-07-26 08:42:47.840000',28,'India'),(46,'21121212112121212','Lonavala','2023-07-28 06:26:10.852000','18.754856','73.401673','2112121212','Store 1','121212','Pune','Maharashtra',0,'2023-07-28 06:26:10.852000',28,'India');
/*!40000 ALTER TABLE `store_table` ENABLE KEYS */;
UNLOCK TABLES;

--
-- Table structure for table `sub_category`
--

DROP TABLE IF EXISTS `sub_category`;
/*!40101 SET @saved_cs_client     = @@character_set_client */;
/*!50503 SET character_set_client = utf8mb4 */;
CREATE TABLE `sub_category` (
  `id` int NOT NULL AUTO_INCREMENT,
  `created_at` datetime(6) DEFAULT NULL,
  `name` varchar(255) DEFAULT NULL,
  `status` tinyint DEFAULT NULL,
  `updated_at` datetime(6) DEFAULT NULL,
  `category_id` int DEFAULT NULL,
  PRIMARY KEY (`id`),
  KEY `FKl65dyy5me2ypoyj8ou1hnt64e` (`category_id`),
  CONSTRAINT `FKl65dyy5me2ypoyj8ou1hnt64e` FOREIGN KEY (`category_id`) REFERENCES `category` (`id`)
) ENGINE=InnoDB AUTO_INCREMENT=2 DEFAULT CHARSET=utf8mb4 COLLATE=utf8mb4_0900_ai_ci;
/*!40101 SET character_set_client = @saved_cs_client */;

--
-- Dumping data for table `sub_category`
--

LOCK TABLES `sub_category` WRITE;
/*!40000 ALTER TABLE `sub_category` DISABLE KEYS */;
INSERT INTO `sub_category` VALUES (1,'2023-05-26 04:43:29.298106','subCat1',0,'2023-07-31 06:22:55.684547',1);
/*!40000 ALTER TABLE `sub_category` ENABLE KEYS */;
UNLOCK TABLES;

--
-- Table structure for table `user_table`
--

DROP TABLE IF EXISTS `user_table`;
/*!40101 SET @saved_cs_client     = @@character_set_client */;
/*!50503 SET character_set_client = utf8mb4 */;
CREATE TABLE `user_table` (
  `id` int NOT NULL AUTO_INCREMENT,
  `created_at` datetime(6) DEFAULT NULL,
  `email` varchar(255) DEFAULT NULL,
  `password` varchar(255) DEFAULT NULL,
  `phone` varchar(255) DEFAULT NULL,
  `role` tinyint NOT NULL,
  `status` tinyint NOT NULL,
  `type` tinyint NOT NULL,
  `updated_at` datetime(6) DEFAULT NULL,
  `username` varchar(255) DEFAULT NULL,
  PRIMARY KEY (`id`),
  UNIQUE KEY `UK_eamk4l51hm6yqb8xw37i23kb5` (`email`)
) ENGINE=InnoDB AUTO_INCREMENT=117 DEFAULT CHARSET=utf8mb4 COLLATE=utf8mb4_0900_ai_ci;
/*!40101 SET character_set_client = @saved_cs_client */;

--
-- Dumping data for table `user_table`
--

LOCK TABLES `user_table` WRITE;
/*!40000 ALTER TABLE `user_table` DISABLE KEYS */;
INSERT INTO `user_table` VALUES (1,'2023-05-05 04:05:32.274000','negil.babu+1@innovaturelabs.com','{bcrypt}$2a$10$SOE5EgRHc6GMmpUdzJcLeOe2/uCTfwrNZyaeOMt/LJ0kETjCS1436',NULL,0,0,0,'2023-05-05 04:05:32.274000',NULL),(2,'2023-05-05 04:07:09.493000','negil.babu+2@innovaturelabs.com','{bcrypt}$2a$10$ivMyB7fdvnaKf8gH7aoEhenDXc/160jnXpTsMfL2s0ARWtRyM0aYW',NULL,0,1,0,'2023-05-05 04:07:09.493000',NULL),(3,'2023-05-05 04:08:07.896000','negil.babu+3@innovaturelabs.com','{bcrypt}$2a$10$ADZhPYyB9A6PBPJGG6K7seyUoWzSa992Ot3jwQYE8ddmpaf26x3di',NULL,0,0,0,'2023-05-05 04:08:07.896000',NULL),(4,'2023-05-05 04:10:50.556000','negil.babu+4@innovaturelabs.com','{bcrypt}$2a$10$BpJsPPIJxwoqZZOjuXT.DuUhbWc1WTfovgSGO2R0Lx0VOPF7udU3a',NULL,0,0,0,'2023-05-05 04:10:50.556000',NULL),(5,'2023-05-05 05:05:32.068000','negil.babu+45@innovaturelabs.com','{bcrypt}$2a$10$4GutY5pZJyC4DTei0r2njueQuON4xoQ4yYzTIADyCWmNhkgFYjonG',NULL,0,1,0,'2023-05-05 05:05:32.068000',NULL),(6,'2023-05-05 05:05:41.870000','negil.babu+05@innovaturelabs.com','{bcrypt}$2a$10$UKMSwAMljnlWhrSkv60.geFWDL4mcPNRsByDyLYraoRjldnqOoU8q',NULL,0,0,0,'2023-05-05 05:05:41.870000',NULL),(7,'2023-05-05 05:05:47.702000','negil.babu+09@innovaturelabs.com','{bcrypt}$2a$10$k29IGXJ.qIjEs6murai24.yG98huG5hE7Kr5/RiWvvVWmphzR4day',NULL,0,1,0,'2023-05-05 05:05:47.702000',NULL),(8,'2023-05-05 07:19:17.755000','negil.babu+090@innovaturelabs.com','{bcrypt}$2a$10$.yE2DTxYhpjkxtvETyuX0.PgMmdvwcaN4zf7VV/mxDz7YV7G4TXS2',NULL,0,0,0,'2023-05-05 07:19:17.755000',NULL),(9,'2023-05-05 12:32:09.736000','negil.babu+091@innovaturelabs.com','{bcrypt}$2a$10$8WrtR7bHqQyxlUavUhLB5O8OhAKKb0GQohaZGv4/lSvCfvYEZtmcu',NULL,0,0,0,'2023-05-05 12:32:09.736000',NULL),(10,'2023-05-05 12:32:41.702000','negilbabu+72@gmail.com','{bcrypt}$2a$10$IFZ5G6r7OuGU/ngJ6wnP0uS0VMBK3.kxsu5aLSVPK48YDY.ceyehS',NULL,1,3,0,'2023-05-05 12:32:41.702000',NULL),(11,'2023-05-08 06:33:59.187000','negil.babu+092@innovaturelabs.com','{bcrypt}$2a$10$eAKs748JbKHnypGLsh7Dk.KAa3IWzcTeFv5h7fcbeF62YX44g.SmW',NULL,0,0,0,'2023-05-08 06:33:59.187000',NULL),(12,'2023-05-08 06:35:18.174000','negil.babu+093@innovaturelabs.com','{bcrypt}$2a$10$gFWEq/aFMoetZ48p8..3G.iX3AEpr.nRmWZ9d.oQ8At5k5O4CHg8.',NULL,0,0,0,'2023-05-08 06:35:18.174000',NULL),(13,'2023-05-08 06:35:54.601000','negilbabu+77@gmail.com','{bcrypt}$2a$10$YFtmvn79YvpNZSYgJ9Emuu1Gy0IE213gfmJcxlzkChQ.HOdW9CqYi','121212121212',1,3,0,'2023-05-08 06:35:54.601000','aaaaaaaaaaaaaaaaaaaa'),(14,'2023-05-08 06:41:44.967000','negilbabu+78@gmail.com','{bcrypt}$2a$10$BJQirdQ8nbGpHUqiwBgyVe2H61en4rQSYkBZLoHP64xnHVQCSgR/a',NULL,1,0,0,'2023-05-08 06:41:44.967000',NULL),(15,'2023-05-10 06:17:17.269000','negil.babu+77@innovaturelabs.com','{bcrypt}$2a$10$hSMm0.etQKX6v2897HXVaehcSHiBRnaSzNqojhvWgvyyYx.Yy.OSC','121212121212',1,0,0,'2023-05-10 06:17:17.269000','aaaaaaaaaaaaaaaaaaaa'),(16,'2023-05-10 06:26:33.595000','negil.babu+0990@innovaturelabs.com','{bcrypt}$2a$10$./kICyR.YeF9OH3LBaSMDuVQ9DXS9Ftiama26YooJnT7yt7m/DcKO',NULL,0,0,0,'2023-05-10 06:26:33.595000',NULL),(17,'2023-05-10 10:02:54.001000','negil.babu+01@innovaturelabs.com','{bcrypt}$2a$10$ejejgNM4RruljsdOHOi9gOHLUxGFoNiNcA9B0Y9kJWD.MV1Gdwnle',NULL,0,0,0,'2023-05-10 10:02:54.001000',NULL),(18,'2023-05-10 10:03:51.501000','negil.babu+02@innovaturelabs.com','{bcrypt}$2a$10$1a.5oDC.1SowiqvlZZZuw.R9HIKHGKtCmxP5JWnDZACVh6zSXqbSa','121212121212',1,2,0,'2023-07-13 07:26:17.893000','aaaaaaaaaaaaaaaaaaaa'),(19,'2023-05-10 10:25:41.175000','negil.babu+03@innovaturelabs.com','{bcrypt}$2a$10$iZeV76PN0mxzJMVJtgd32O5MIMzMoAABRofAYUSSjifv56k5Y4lNe',NULL,0,0,0,'2023-05-10 10:25:41.175000',NULL),(20,'2023-05-10 10:26:19.047000','negil.babu+04@innovaturelabs.com','{bcrypt}$2a$10$I2QqCt26jNn2E2Ld3XYgJ.GtFwwITet5BwQofZseJoMwaoJzHS5.q',NULL,1,3,0,'2023-05-10 10:26:19.047000',NULL),(28,NULL,'negil.babu@innovaturelabs.com',NULL,'9061409858',1,0,1,'2023-07-31 12:18:26.494000','NegBabu'),(31,'2023-05-11 06:15:09.390000','negilbabu+1@gmail.com','{bcrypt}$2a$10$jCBnRFjC.sLD6B2ojnsNnukH4e7hJ10wGTtnB795.OwGYyjqa0eIy','89898989899',0,0,0,'2023-07-18 05:50:36.865000','negil'),(32,'2023-05-11 06:58:11.649000','negilbabu+2@gmail.com','{bcrypt}$2a$10$uPJbo4SOrHciFnrRXL68yeCPXOnMX7WtNW73oWbIbNVYcXTCsRK8a',NULL,0,0,0,'2023-05-11 06:58:11.649000',NULL),(33,'2023-05-11 07:02:25.951000','negil.babu+005@innovaturelabs.com','{bcrypt}$2a$10$4OvrjYm1T7zomNpj1cq3IuKRfvgH.z3XGkwYg3EKUxkCIqv6nVhn2',NULL,1,1,0,'2023-05-11 07:02:25.951000',NULL),(34,'2023-05-11 07:28:52.645000','negil.babu+006@innovaturelabs.com','{bcrypt}$2a$10$F58JfRf3BQyfC8JjiaHF..VbH3UZ8w89ATxbuu0KmlgkBZhEXi4uy',NULL,1,3,0,'2023-05-11 07:28:52.645000',NULL),(35,'2023-05-11 07:32:14.646000','negil.babu+007@innovaturelabs.com','{bcrypt}$2a$10$S9/hBcnXKIoeIzIJOU1XA.WHSih.Qptk0oZmi5nC1SwOaJW0Xsgu2','121212121212',1,6,0,'2023-05-23 05:47:48.877000','aaaaaaaaaaaaaaaaaaaa'),(36,NULL,'negilbabu@gmail.com','','121212121212',0,0,1,'2023-08-11 07:08:20.591000','Neg'),(37,'2023-05-11 10:23:29.512000','negilbabu+3@gmail.com','{bcrypt}$2a$10$fZRiyf3H9KTt2AZRiYXjHesg.eqcB/R4GuqrIzPp57vBOAV0bdfBW',NULL,0,0,0,'2023-05-11 10:23:29.512000',NULL),(38,'2023-05-11 10:26:57.849000','negilbabu+4@gmail.com','{bcrypt}$2a$10$uw7xGQc6pQN2paEq6iFWQO/zI/bIrrZvpOZRQ3hN94bnHgU3uXfuK',NULL,0,0,0,'2023-05-11 10:26:57.849000',NULL),(39,'2023-05-11 10:27:54.257000','negilbabu+5@gmail.com','{bcrypt}$2a$10$xIo5c.BiTja0b.VC/F8Zb.1IIQxXZ2vpMDZmIZu60g9YOwAYeG2zW',NULL,0,0,0,'2023-05-11 10:27:54.257000',NULL),(40,'2023-05-11 11:53:42.978000','negilbabu+6@gmail.com','{bcrypt}$2a$10$UpyYUaXnsKRwplqrcDp70Oqhr.tGPm5pfExIZiCODkVNlB5vstdDe',NULL,0,0,1,'2023-05-11 11:55:19.439000',NULL),(41,'2023-05-11 11:56:21.512000','negil.babu+008@innovaturelabs.com','{bcrypt}$2a$10$urbUEfk0RdVDny.ax8LlTu/olnCc666Rj3NoHHWRZC15Si.04kUWi','121212121212',1,6,0,'2023-07-04 05:52:46.044000','aaaaaaaaaaaaaaaaaaaa'),(42,'2023-05-12 08:46:25.519000','negilbabu+7@gmail.com','{bcrypt}$2a$10$1RqtQiyu/yw/hQTBsa/gHu0RolEV7ukxkr36vun5eZVjE9GmlSEs.',NULL,0,0,0,'2023-05-12 08:47:08.980000',NULL),(43,'2023-05-12 08:50:35.143000','negilbabu+8@gmail.com','{bcrypt}$2a$10$77IkfD6YhO9P7EEwm0Z5ZeUPNq4Kd7ozwg3nypeyWszqX5doG4nNK',NULL,0,0,0,'2023-05-12 08:50:58.190000',NULL),(44,'2023-05-12 08:57:09.051000','negilbabu+9@gmail.com','{bcrypt}$2a$10$EtFV2Tu98aSbYO6AoK/dxOcRRQ7HJkgCvsXh.4tNzR.ZjzCgv444K',NULL,0,0,0,'2023-05-12 08:57:32.382000',NULL),(45,'2023-05-12 09:01:23.902000','negilbabu+91@gmail.com','{bcrypt}$2a$10$wQsgOQZmsaY/OEKTIijT7u4ebUWz2iofCGPcZdxvZ9a7GrGlSJ0AG',NULL,0,1,0,'2023-05-12 09:01:23.902000',NULL),(46,'2023-05-12 09:39:36.183000','negilbabu+92@gmail.com','{bcrypt}$2a$10$RP0YTlQevKwdZJtmcll7q.Gl/Bc8snFYZl9yxyeJysLEqH89KLRrK',NULL,0,0,0,'2023-05-12 09:39:57.604000',NULL),(47,'2023-05-12 09:40:46.609000','negilbabu+93@gmail.com','{bcrypt}$2a$10$3jgVgCFUK8iLbTRq5R6UAu99z.FqD141UhGLR20C6Du6noY7C2qqa',NULL,0,0,0,'2023-05-12 09:41:05.917000',NULL),(48,'2023-05-12 09:42:09.306000','negilbabu+94@gmail.com','{bcrypt}$2a$10$30HIRpHjrPYgE2MOudq3K.valV0l8zLDmtwOTQM50gsFbrUSHqiaq',NULL,0,0,0,'2023-05-12 09:42:27.938000',NULL),(49,'2023-05-12 09:43:18.768000','negilbabu+95@gmail.com','{bcrypt}$2a$10$f.9a8oPyq3OfIw2Icv3.QeBht22j2iVd1/227.PvMYy7FI9/XsxFa',NULL,0,0,0,'2023-05-12 09:43:44.566000',NULL),(50,'2023-05-12 09:45:51.165000','negilbabu+96@gmail.com','{bcrypt}$2a$10$NmX/z9BuntyoT5sWVHpQrOTz4Y8nfLI3e1Cb4J1dJlx.JBVSZfmZ.',NULL,0,0,0,'2023-05-12 09:46:13.175000',NULL),(51,'2023-05-12 09:53:49.224000','negil.babu+009@innovaturelabs.com','{bcrypt}$2a$10$Rb/nYuyUhTONPZy1qfANr.PFlZCM3U85iUR/mzostMXJInHyQYFd2',NULL,1,3,0,'2023-05-12 10:03:18.592000',NULL),(52,'2023-05-12 09:54:55.946000','negilbabu+97@gmail.com','{bcrypt}$2a$10$1B6Jrcbbyo34og1LQ6V2WON0VIpUChip.pGmzT8XKz7fSZhOTiNci',NULL,0,0,0,'2023-05-12 10:00:38.467000',NULL),(53,'2023-05-12 10:04:44.206000','negilbabu+98@gmail.com','{bcrypt}$2a$10$iYdnZnILuM7LNj2Q63wc3OaSRYg0XPBIA8EUHwhRzHgL2VibV7.4u',NULL,0,0,0,'2023-05-12 10:05:03.124000',NULL),(54,'2023-05-12 10:05:12.282000','negil.babu+010@innovaturelabs.com','{bcrypt}$2a$10$ZHHkDKLdrR9qQrdM5deq6.rky710aCeSiYZ8xx8mFBy.zUhXq.mE2',NULL,1,3,0,'2023-05-12 10:05:52.957000',NULL),(55,'2023-05-15 10:40:32.763000','negil.babu+11@innovaturelabs.com','{bcrypt}$2a$10$VxdJCWGmt0rfQRNdgFiSuuCyJZID90IxtQt5z2yaRTUpSUrih5PAG',NULL,0,0,0,'2023-05-15 10:45:22.097000',NULL),(56,'2023-05-17 06:50:51.590000','negilbabu+121@gmail.com','{bcrypt}$2a$10$v.vwPuEGkqhPxLW04VUQJOnoUIvqIkKGYXph.Pd/9.8826VmnDdsG',NULL,1,77,0,'2023-05-17 06:50:51.657000',NULL),(57,'2023-05-17 07:03:36.988000','negil.babu+011@innovaturelabs.com','{bcrypt}$2a$10$8ZKBGxngd2q3HaE9SWq88.3Qhoex.w.GvVXSy6LD2pUvGCvmSozZm','121212121212',1,2,0,'2023-07-13 07:07:41.488000','aaaaaaaaaaaaaaaaaaaa'),(58,'2023-05-17 07:34:04.561000','negil.babu+171@innovaturelabs.com','{bcrypt}$2a$10$9.BQs4AiBa1u3SKzxK8v0eEBA9oShifZ2Ky4gheA0cNFEIRbdva2G',NULL,0,0,0,'2023-05-17 07:34:25.367000',NULL),(59,'2023-05-17 07:49:11.032000','negil.babu+1571@innovaturelabs.com','{bcrypt}$2a$10$ubF95M.VunbURBOypUG9fui8PGGZpvi29zIT1mXDYs.nkaya/b.v.',NULL,1,2,0,'2023-07-13 07:28:24.985000','aswin'),(60,'2023-05-22 07:09:17.571000','negil.babu+911@innovaturelabs.com','{bcrypt}$2a$10$aDboZuubfE0xMYJKcbei4eUV1rhRC2YFuSGtESyaoqOAS44WlIliS',NULL,0,0,0,'2023-05-22 07:10:01.126000',NULL),(61,'2023-05-25 07:47:36.635000','negil1.babu+911@innovaturelabs.com','{bcrypt}$2a$10$YtKwQkusTgrE5WN07CVldeYZKSmpVTKbKMBwjNDHI.6.taMR5pooW',NULL,0,0,0,'2023-05-25 07:47:36.635000',NULL),(62,'2023-05-26 04:34:25.952000','neg@gmail.com','{bcrypt}$2a$10$2/.VHLj23b6iSHYpamMr8uTu5CYdAPWnKLetC.gsid7pW8dSZQ39O','1212121212',1,0,1,'2023-05-26 04:34:25.952000','neg'),(63,'2023-05-30 12:03:30.618000','negg@gmail.com','{bcrypt}$2a$10$KATe5xSINPew5BiYilnqR.DMILHA5bVTjIcHDugqb83s16fMdLBiq','9061409858',0,0,0,'2023-07-13 07:35:33.168000','negil'),(64,'2023-05-31 10:01:25.137000','negTest@gmail.com','{bcrypt}$2a$10$qKn9rKGDdC7ttoLoWEyroehpjYl6CV3dfcfmD3ZrY/uN4n.BTnLf6',NULL,1,3,0,'2023-05-31 10:03:50.276000',NULL),(65,'2023-05-31 10:06:18.540000','negTest1@gmail.com','{bcrypt}$2a$10$bvtjpF.sJY4zcbDW4gFoUOTebPRHbY0HloDw.GfQCfc/4xsyGsMDa',NULL,0,0,0,'2023-06-01 07:17:09.124000',NULL),(66,'2023-06-01 07:17:24.333000','negTest2@gmail.com','{bcrypt}$2a$10$M4MT9YZj2aPkr3/m4NnPcOElb8Ib4MGvGXGM5wXk.B..6kKaJctIy',NULL,0,0,0,'2023-06-01 07:18:49.911000',NULL),(67,'2023-06-01 07:41:32.436000','negTest3@gmail.com','{bcrypt}$2a$10$SaATqSGrwIpI4l7uW.FGoeNVdaIQ.CAqV3yI75SY3b/2lNg3fc3X.',NULL,0,1,0,'2023-06-01 07:41:32.436000','Neg0'),(68,'2023-06-01 10:06:06.615000','negil+2@gmail.com','{bcrypt}$2a$10$RXr648EeyxHwAUXCD4FRrOlQeQADfxBndqk9RJxb2V1pCZJdvkqFK','1234567890',1,7,0,'2023-07-27 05:58:16.710000','bbb4bdddb'),(69,'2023-06-01 10:43:37.416000','neg3@gmail.com','{bcrypt}$2a$10$/UiV3pgCOBsj4zatAzPXCuG/DP2Ke8MBkP/UG62wtTNJs3j7T5T0u',NULL,1,3,0,'2023-06-01 10:45:55.452000',NULL),(70,'2023-06-01 10:43:55.707000','negTest4@gmail.com','{bcrypt}$2a$10$vBnmVa3wGZTXjLdyJKj6b.pgeMjHskYqkUo2hU8LfWw94182gG3fO',NULL,0,0,0,'2023-06-01 10:44:53.984000',NULL),(71,'2023-06-01 12:05:27.038000','negUser@gmail.com','{bcrypt}$2a$10$x28gmmbxLiTh6Q5BSAbyGO69naqkm8kg3yTo.X2PAGKviKcKPXz2K',NULL,0,0,0,'2023-06-01 12:05:56.695000',NULL),(72,'2023-06-01 12:06:50.005000','negVendor@gmail.com','{bcrypt}$2a$10$4Bo6yocraKqfiq9kRfD52uy/cDY09U0uO4Km8BtAi/HtdkKJ5oOf.',NULL,1,3,0,'2023-06-01 12:09:16.389000',NULL),(73,'2023-06-01 12:09:34.605000','negVendor1@gmail.com','{bcrypt}$2a$10$MJtutXUgM1Ohmmu8EsMSI.kAhlu2Ovi4HNzfsdpFG/bNZsuKRfTnW',NULL,1,3,0,'2023-06-01 12:35:10.922000',NULL),(74,'2023-06-01 12:10:08.625000','negUser1@gmail.com','{bcrypt}$2a$10$becGKo7wqIeJf5BQyj1FuOs4fPx4ogqTQ6JQmP681m.cRCPoAyLc2',NULL,0,1,0,'2023-06-01 12:10:08.625000',NULL),(75,'2023-06-01 12:35:23.562000','negVendor2@gmail.com','{bcrypt}$2a$10$1.CSWCLnrw99qCZLJEAFHOMMkEWFADA2jtX6mOjXheDKzk2/r30Bm',NULL,1,3,0,'2023-06-01 12:39:43.715000',NULL),(76,'2023-06-01 12:41:02.148000','negVendor3@gmail.com','{bcrypt}$2a$10$aLubIp5ZNEjpjZx1EGRoOunyjoHxVNy2pdynhtKv3yIJOOnH8cRPy',NULL,1,3,0,'2023-06-01 12:41:31.259000',NULL),(77,'2023-06-01 12:42:08.686000','negVendor4@gmail.com','{bcrypt}$2a$10$yVjxQ8W/eWRTh7dmuu.iI.k32GI/vqHRM/D0AlVZInmIolbSDQyhm',NULL,1,3,0,'2023-06-01 12:42:44.053000',NULL),(78,'2023-06-01 12:43:09.649000','negVendor5@gmail.com','{bcrypt}$2a$10$LZus.6NOhV51R6EVoDwvG.wttv0pPoyYDJU.JxUi89IMuFufd5atG',NULL,1,1,0,'2023-06-01 12:43:09.964000',NULL),(79,'2023-06-01 12:50:13.641000','negVendor6@gmail.com','{bcrypt}$2a$10$3Kw7U6kupaQY5p1IAQ2H0.MrKqHjurxpbx2Kzy0woMCWGdCAHSyE.',NULL,1,1,0,'2023-06-01 12:50:13.851000',NULL),(92,'2023-06-22 08:58:16.932000','testnegspam+1@gmail.com',NULL,NULL,0,0,1,'2023-06-22 08:58:16.932000',NULL),(93,'2023-06-26 12:27:43.230000','negil.babu+200@innovaturelabs.com','{bcrypt}$2a$10$NyeQlu2u2uiEI1gbvw4ouuNwmtxd3/LNYKJBRCPGHwcmb5J681oyy',NULL,0,0,0,'2023-06-26 12:36:42.712000',NULL),(94,'2023-06-26 12:36:58.001000','negilbabu+203@gmail.com','{bcrypt}$2a$10$fBfwx59dKCbngimM2DkcaeD7HO/AGM5SUSbGclEaPqaPV59dhmPj.',NULL,1,3,0,'2023-06-26 12:38:03.990000',NULL),(95,'2023-06-26 12:48:33.009000','negil.babu+201@innovaturelabs.com','{bcrypt}$2a$10$GY9b39ZYYShtqO/wK60RA.d4Q1OZmEB4p2J4F0vSUawPG/7rKQMm6',NULL,0,0,0,'2023-06-26 12:49:04.014000',NULL),(96,'2023-06-27 07:29:08.359000','negilbabu+500@gmail.com','{bcrypt}$2a$10$E79q.lWIqIRJtlUOb/GUYeV98gPDAd04M7SbENU6smTMpFPEmn1Se',NULL,0,0,0,'2023-06-27 07:33:53.638000',NULL),(98,'2023-06-27 08:39:00.521000','negilbabu+204@gmail.com','{bcrypt}$2a$10$mHqqeLBZOxHWAkkjdmjz9eI.WIMvrApS6N04FEDKyAmuT9HUXmwPq','121212121212',1,0,0,'2023-07-04 05:52:52.918000','aaaaaaaaaaaaaaaaaaaa'),(99,'2023-06-27 08:40:59.077000','negilbabu002@gmail.com','{bcrypt}$2a$10$NSzbmDGkUhSwFPF7.JbHkOhW4jTlzO7D/vCc7/lzdbEv1MZf165bG','1212121212',1,6,0,'2023-07-04 05:53:01.930000','Negil'),(100,'2023-06-27 08:44:58.435000','testnegspam@gmail.com','{bcrypt}$2a$10$2cV9ebjGaaxph/2A1IZA0ewSOsnzkR7nVGTHuG3Bw9kintYsOvzfi','1212121212',0,0,0,'2023-08-02 04:50:31.994000','Negil'),(101,'2023-07-03 06:05:08.903000','negilbabu+205@gmail.com','{bcrypt}$2a$10$fP41xH0wBKF.N2lSuNBAEejoLrpk.o1/jn7K9qfQyWVdVzQRnP2Vy','121212121212',1,0,0,'2023-07-04 05:32:13.437000','aaaaaaaaaaaaaaaaaaaa'),(102,'2023-07-03 14:44:35.326000','negilbabu+206@gmail.com','{bcrypt}$2a$10$OBnTwiM1GoB2Ux7INXmyteaELAdDyzcDqw0Q.Pk6eTFIaOZVe.8Gu',NULL,1,3,0,'2023-07-03 14:45:12.400000',NULL),(103,'2023-07-03 14:45:28.267000','negil.babu+202@innovaturelabs.com','{bcrypt}$2a$10$uN5xAR5q4u/p2m8EU6xgA.ahvt.ztKZeH1LdPktlX1j1co25o8lEy',NULL,0,1,0,'2023-07-03 14:45:28.267000',NULL),(104,'2023-07-04 05:26:23.874000','negilbabu+207@gmail.com','{bcrypt}$2a$10$rx.FvbWVI9xcGXgJGe7FwedLw3DieGf9Hnxfeu8bV2Xh8TA7dfTEC',NULL,1,0,0,'2023-07-04 05:38:30.453000',NULL),(105,'2023-07-04 06:38:18.075000','negilbabu+208@gmail.com','{bcrypt}$2a$10$RKJwXmRRDErZa10Szj9I6.4StOmN65Itph3hMFcsHPotJOwXLxbm6',NULL,1,0,0,'2023-07-04 06:38:56.141000',NULL),(106,'2023-07-04 09:54:27.863000','negil.babu+208@innovaturelabs.com','{bcrypt}$2a$10$RcmcNvCWXjmUO2PoiVzzl.GRXhgIYLEq0PZmnfkn1qQcHEv2HnYta',NULL,1,3,0,'2023-07-04 09:54:58.578000',NULL),(107,'2023-07-04 09:55:17.200000','negil.babu+209@innovaturelabs.com','{bcrypt}$2a$10$HIiFgveD/l7.2Oy9GeUJjuVAfn29judJiE27/eFH66a5rs0VKfy16',NULL,1,3,0,'2023-07-04 09:57:08.422000',NULL),(108,'2023-07-04 09:57:23.447000','negil.babu+203@innovaturelabs.com','{bcrypt}$2a$10$MJ1c.SaE4GGN8M9hdvSmTeqb7A01oD8CG5z.UUL93y7mdVH9nvIiu',NULL,0,0,0,'2023-07-04 09:57:40.322000',NULL),(109,'2023-07-04 09:57:48.857000','negil.babu+204@innovaturelabs.com','{bcrypt}$2a$10$6MOif5wHTDHNoULedKxSG.h84qjNVK.B.QmIphHrU0.afGjhvMDVu',NULL,0,2,0,'2023-07-13 07:36:53.346000',NULL),(110,'2023-07-04 12:23:10.950000','negil.babu+129@innovaturelabs.com','{bcrypt}$2a$10$Th.LHv6DB4pbtH/VXCSjbun6Ybv8gyIGW3bGriDztWhq3b/J73c0K',NULL,1,1,0,'2023-07-04 12:23:11.089000',NULL),(111,'2023-07-12 05:19:23.762000','negil.babu+205@innovaturelabs.com','{bcrypt}$2a$10$L6IsWc4qhI8IRggLe2RMV.p.5rKd7LL8qKwG/u2r7TQd.Fe2tfJUW',NULL,0,1,0,'2023-07-12 05:19:23.762000',NULL),(112,'2023-07-12 13:20:21.766000','shobith.chandran+1@innovaturelabs.com','{bcrypt}$2a$10$LgHM.INncRe5.AV6gItwFeb.Sxe83vLUal0Ltgs2WpZEfiVcbFgYa',NULL,0,1,0,'2023-07-12 13:20:21.766000',NULL),(113,'2023-07-13 03:34:53.076000','negil.babu+981@innovaturelabs.com','{bcrypt}$2a$10$jXU8NY9o4VAEsVG7x8K5quNPjsexlY5U0Gm7xGXl4SrR0FLWjvjt2',NULL,0,1,0,'2023-07-13 03:34:53.076000',NULL),(114,'2023-07-13 05:07:00.269000','negil.babu+1221@innovaturelabs.com','{bcrypt}$2a$10$tVkb6E6/zNgPlo2xO0YsuuutZLfjCZu1DFF0bQqN7OrWMiFyZMfhK','121212121212',1,0,0,'2023-07-13 07:29:02.101000','aaaaaaaaaaaaaaaaaaaa'),(115,'2023-07-21 10:28:52.768000','negilbabu+111@gmail.com','{bcrypt}$2a$10$yWv/zUYGMsqiJ3kwmNlFz.fjWF7QZRnWccTu/XwWSTc9Fuy7R7uUK','11111111111',1,5,0,'2023-07-21 10:31:13.160000','Neegg'),(116,'2023-07-31 04:26:05.959000','negilbabu+333@gmail.com','{bcrypt}$2a$10$.MJiX7LYEuMdb.2RNtogC.IggJZKJG3dtKkcRMtEk4vLa8OQ7m9hm',NULL,0,0,0,'2023-07-31 04:27:00.487000',NULL);
/*!40000 ALTER TABLE `user_table` ENABLE KEYS */;
UNLOCK TABLES;

--
-- Table structure for table `vendor_details`
--

DROP TABLE IF EXISTS `vendor_details`;
/*!40101 SET @saved_cs_client     = @@character_set_client */;
/*!50503 SET character_set_client = utf8mb4 */;
CREATE TABLE `vendor_details` (
  `user_id` int NOT NULL,
  `account_number` varchar(255) DEFAULT NULL,
  `created_at` datetime(6) DEFAULT NULL,
  `gst` varchar(255) DEFAULT NULL,
  `holder_name` varchar(255) DEFAULT NULL,
  `ifsc` varchar(255) DEFAULT NULL,
  `pan` varchar(255) DEFAULT NULL,
  `updated_at` datetime(6) DEFAULT NULL,
  PRIMARY KEY (`user_id`)
) ENGINE=InnoDB DEFAULT CHARSET=utf8mb4 COLLATE=utf8mb4_0900_ai_ci;
/*!40101 SET character_set_client = @saved_cs_client */;

--
-- Dumping data for table `vendor_details`
--

LOCK TABLES `vendor_details` WRITE;
/*!40000 ALTER TABLE `vendor_details` DISABLE KEYS */;
INSERT INTO `vendor_details` VALUES (1,'11111111111','2023-05-02 10:49:50.267000','1212121A1212121','aasdSSSS','12121NN1211','1212121212','2023-05-02 10:49:50.267000'),(2,'12121212','2023-04-28 15:11:46.072000','TSGHTSREHBGTSRH','NEGILBABU','DFSDFSDFSDF','121212DSDS','2023-04-28 15:11:46.072000'),(3,'11111111111','2023-05-02 04:18:15.490000','1212121A1212121','aasdSSSS','12121NN1211','1212121212','2023-05-02 04:18:15.490000'),(13,'11111111111','2023-05-08 06:36:23.330000','1212121A1212121','aasdSSSS','12121NN1211','1212121212','2023-05-08 06:36:23.330000'),(15,'11111111111','2023-05-10 06:17:51.793000','1212121A1212121','aasdSSSS','12121NN1211','1212121212','2023-05-10 06:17:51.793000'),(18,'11111111111','2023-05-10 10:04:35.825000','1212121A1212121','aasdSSSS','12121NN1211','1212121212','2023-05-10 10:04:35.825000'),(23,'11111111111','2023-05-10 12:57:35.449000','1212121A1212121','aasdSSSS','12121NN1211','1212121212','2023-05-10 12:57:35.449000'),(24,'11111111111','2023-05-10 13:08:30.420000','1212121A1212121','aasdSSSS','12121NN1211','1212121212','2023-05-10 13:08:30.420000'),(25,'11111111111','2023-05-10 13:24:01.254000','1212121A1212121','aasdSSSS','12121NN1211','1212121212','2023-05-10 13:24:01.254000'),(26,'11111111111','2023-05-10 13:39:43.983000','1212121A1212121','aasdSSSS','12121NN1211','1212121212','2023-05-10 13:39:43.983000'),(28,'11111111111','2023-05-11 04:51:45.547000','1212121A1212121','aasdSSSS','12121NN1211','1212121212','2023-05-11 04:51:45.547000'),(35,'11111111111','2023-05-11 07:32:41.723000','1212121A1212121','aasdSSSS','12121NN1211','1212121212','2023-05-11 07:32:41.723000'),(36,'11111111111','2023-05-11 08:34:45.196000','1212121A1212121','aasdSSSS','12121NN1211','1212121212','2023-05-11 08:34:45.196000'),(37,'00000000000','2023-04-25 10:51:05.631000','1212211212','aasdSSSS','11111111ADSDF1212212','21123232312SASA','2023-04-25 10:51:05.631000'),(38,'00000000000','2023-04-25 11:17:34.556000','1212121A1212121','aasdSSSS','12121NN1211','1212121212','2023-04-25 11:17:34.556000'),(41,'11111111111','2023-05-11 12:01:52.572000','1212121A1212121','aasdSSSS','12121NN1211','1212121212','2023-05-11 12:01:52.572000'),(47,'11111111111','2023-04-25 15:08:58.961000','1212121A1212121','aasdSSSS','12121NN1211','1212121212','2023-04-25 15:08:58.961000'),(57,'11111111111','2023-05-17 07:15:39.546000','1212121A1212121','aasdSSSS','12121NN1211','1212121212','2023-05-17 07:15:39.546000'),(63,'11111111111','2023-06-26 05:02:07.485000','1212121A1212121','aasdSSSS','12121NN1211','1212121212','2023-06-26 05:02:07.485000'),(68,'00000000',NULL,'1212121A1212121','NEGILBABU','NEG55555552','1212121212',NULL),(91,'11111111111','2023-06-21 13:26:36.255000','1212121A1212121','aasdSSSS','12121NN1211','1212121212','2023-06-21 13:26:36.255000'),(98,'11111111111','2023-06-27 08:39:37.276000','1212121A1212121','aasdSSSS','12121NN1211','1212121212','2023-06-27 08:39:37.276000'),(99,'11111111','2023-06-27 08:43:21.835000','121212121212121','AAA','12121212111','1212121211','2023-06-27 08:43:21.835000'),(100,'12121212','2023-06-27 08:47:23.748000','121212121212121','Name','12121212111','2112121211','2023-06-27 08:47:23.748000'),(101,'11111111111','2023-07-03 06:05:56.041000','1212121A1212121','aasdSSSS','12121NN1211','1212121212','2023-07-03 06:05:56.041000'),(114,'11111111111','2023-07-13 05:18:44.802000','1212121A1212121','aasdSSSS','12121NN1211','1212121212','2023-07-13 05:18:44.802000'),(115,'1212121212','2023-07-21 10:31:12.403000','RGWEVSWETFWTTR5','Negil','SHKGHHHHHHH','WRFCRF5555','2023-07-21 10:31:12.403000');
/*!40000 ALTER TABLE `vendor_details` ENABLE KEYS */;
UNLOCK TABLES;

--
-- Table structure for table `wishlist`
--

DROP TABLE IF EXISTS `wishlist`;
/*!40101 SET @saved_cs_client     = @@character_set_client */;
/*!50503 SET character_set_client = utf8mb4 */;
CREATE TABLE `wishlist` (
  `id` int NOT NULL AUTO_INCREMENT,
  `created_at` datetime(6) DEFAULT NULL,
  `status` tinyint DEFAULT NULL,
  `updated_at` datetime(6) DEFAULT NULL,
  `product_id` int NOT NULL,
  `user_id` int NOT NULL,
  PRIMARY KEY (`id`),
  KEY `FKqchevbfw5wq0f4uqacns02rp7` (`product_id`),
  KEY `FKju77a2na4aeq5rm82w278ft9p` (`user_id`),
  CONSTRAINT `FKju77a2na4aeq5rm82w278ft9p` FOREIGN KEY (`user_id`) REFERENCES `user_table` (`id`),
  CONSTRAINT `FKqchevbfw5wq0f4uqacns02rp7` FOREIGN KEY (`product_id`) REFERENCES `product` (`id`)
) ENGINE=InnoDB AUTO_INCREMENT=14 DEFAULT CHARSET=utf8mb4 COLLATE=utf8mb4_0900_ai_ci;
/*!40101 SET character_set_client = @saved_cs_client */;

--
-- Dumping data for table `wishlist`
--

LOCK TABLES `wishlist` WRITE;
/*!40000 ALTER TABLE `wishlist` DISABLE KEYS */;
INSERT INTO `wishlist` VALUES (1,'2023-07-21 07:05:15.350114',1,'2023-08-01 08:42:53.279838',47,31),(2,'2023-07-28 07:27:50.197400',0,'2023-07-28 07:27:50.197418',1,100),(3,'2023-08-01 04:42:15.768229',0,'2023-08-01 04:42:15.768253',4,31),(4,'2023-08-01 04:42:16.835327',0,'2023-08-01 04:42:16.835347',3,31),(5,'2023-08-01 06:18:15.525840',0,'2023-08-01 06:18:15.525874',52,31),(6,'2023-08-01 06:18:16.659711',0,'2023-08-01 06:18:16.659728',7,31),(7,'2023-08-01 06:18:17.800397',0,'2023-08-01 06:18:17.800422',6,31),(8,'2023-08-01 08:42:09.482991',0,'2023-08-01 08:42:09.483006',11,31),(9,'2023-08-01 08:42:10.624383',0,'2023-08-01 08:42:10.624403',13,31),(10,'2023-08-01 08:42:11.784143',0,'2023-08-01 08:42:11.784163',1,31),(11,'2023-08-01 08:42:13.420506',0,'2023-08-01 08:42:13.420516',51,31),(12,'2023-08-01 08:42:16.845080',0,'2023-08-01 08:42:16.845089',45,31),(13,'2023-08-01 08:42:17.909914',1,'2023-08-01 08:42:57.863404',46,31);
/*!40000 ALTER TABLE `wishlist` ENABLE KEYS */;
UNLOCK TABLES;
/*!40103 SET TIME_ZONE=@OLD_TIME_ZONE */;

/*!40101 SET SQL_MODE=@OLD_SQL_MODE */;
/*!40014 SET FOREIGN_KEY_CHECKS=@OLD_FOREIGN_KEY_CHECKS */;
/*!40014 SET UNIQUE_CHECKS=@OLD_UNIQUE_CHECKS */;
/*!40101 SET CHARACTER_SET_CLIENT=@OLD_CHARACTER_SET_CLIENT */;
/*!40101 SET CHARACTER_SET_RESULTS=@OLD_CHARACTER_SET_RESULTS */;
/*!40101 SET COLLATION_CONNECTION=@OLD_COLLATION_CONNECTION */;
/*!40111 SET SQL_NOTES=@OLD_SQL_NOTES */;

-- Dump completed on 2023-08-21 15:12:27
